"StartDate","EndDate","Status","IPAddress","Progress","Duration (in seconds)","Finished","RecordedDate","ResponseId","RecipientLastName","RecipientFirstName","RecipientEmail","ExternalReference","LocationLatitude","LocationLongitude","DistributionChannel","UserLanguage","Q1_1","Q1_2","Q1_3","Q1_4","Q1_5","Q1_6","Q1_7","Q1_8","Q1_9","Q1_10","price","Q2_1","Q2_2","Q2_3","Q2_4","Q2_5","Q2_6","Q2_7","Q2_8","Q2_9","Q2_10","Q3_1","Q3_2","Q3_3","Q3_4","Q3_5","Q3_6","Q3_7","Q3_8","Q3_9","Q3_10","Q4_1","Q4_2","Q4_3","Q4_4","Q4_5","Q4_6","Q4_7","Q4_8","Q4_9","Q4_10","Q5_1","Q5_2","Q5_3","Q5_4","Q5_5","Q5_6","Q5_7","Q5_8","Q5_9","Q5_10","Q6_1","Q6_2","Q6_3","Q6_4","Q6_5","Q6_6","Q6_7","Q6_8","Q6_9","Q6_10","Q7_1","Q7_2","Q7_3","Q7_4","Q7_5","Q8","Q9","Q9_3_TEXT","Q10"
"10/7/2019 5:05","10/7/2019 5:06","1","","100","74","1","10/7/2019 5:06","R_3pgPP44i8Ii3bAC","","","","","38.7174072265625","-9.1320953369140625","preview","EN","","","","","","","","","","","","","","","","","","","","","","","","","","","","","","","","","","","","","","","","","","","","","","","","","","","","","","","","","","","","","","","","","","","","","",""
"10/7/2019 5:19","10/7/2019 5:19","2","","100","0","1","10/7/2019 5:19","R_9LIYSDdIFmbONPn","","","","","38.7174072265625","-9.1320953369140625","test","","4","5","2","2","4","3","2","5","2","4","75","1","3","2","2","2","1","2","3","1","5","4","1","3","2","2","4","1","3","4","1","5","7","5","7","3","3","3","3","2","7","7","6","2","4","2","6","6","4","1","6","4","3","5","2","1","1","1","5","3","1","2","3","2","1","3","51","3","Maecenas etiam suscipit curabitur dapibus cras urna sodales magnis. Magnis, non. Odio, commodo sagittis rutrum.","3"
"10/7/2019 5:19","10/7/2019 5:19","2","","100","0","1","10/7/2019 5:19","R_3DER3NjOp0z8nOJ","","","","","38.7174072265625","-9.1320953369140625","test","","2","3","5","2","5","5","2","1","3","5","75","3","5","5","2","2","1","5","1","5","1","4","3","1","1","2","1","4","3","1","3","7","1","4","4","2","7","4","5","4","1","5","3","3","1","4","4","2","6","2","1","1","1","5","1","5","1","2","2","3","3","2","3","1","4","5","61","2","","3"
"10/7/2019 5:19","10/7/2019 5:19","2","","100","0","1","10/7/2019 5:19","R_8G19s473LatJSvj","","","","","38.7174072265625","-9.1320953369140625","test","","2","3","3","2","1","2","1","2","5","3","81","5","2","3","5","5","3","3","1","3","5","2","4","4","1","1","2","2","3","3","4","6","7","1","4","3","7","3","3","6","5","6","1","3","5","2","2","2","4","6","7","2","3","2","5","3","3","4","4","1","3","1","1","3","1","3","11","2","","1"
"10/7/2019 5:19","10/7/2019 5:19","2","","100","0","1","10/7/2019 5:19","R_6y6glOysUJZk7BP","","","","","38.7174072265625","-9.1320953369140625","test","","1","1","2","2","4","4","4","4","4","2","93","5","3","4","1","2","4","4","5","1","1","4","4","4","2","1","1","1","1","2","1","5","5","7","1","2","7","5","7","2","2","7","7","6","6","2","6","6","2","5","7","1","2","2","4","1","4","5","1","4","5","1","4","2","4","1","27","2","","4"
"10/7/2019 5:19","10/7/2019 5:19","2","","100","0","1","10/7/2019 5:19","R_3NSVpvj7KyRkMnj","","","","","38.7174072265625","-9.1320953369140625","test","","5","4","1","5","5","3","5","4","2","4","42","4","2","4","2","4","3","3","5","5","3","1","4","2","1","3","2","2","1","2","4","7","4","5","4","7","7","2","6","6","1","3","3","5","2","7","5","3","5","2","7","3","5","2","2","1","4","4","5","3","2","4","3","4","3","5","69","3","Vel ridiculus! Ac, lacus magnis porttitor nunc at per. Risus commodo urna rutrum facilisis sit.","3"
"10/7/2019 5:19","10/7/2019 5:19","2","","100","0","1","10/7/2019 5:19","R_by1uyPH3Wb91MAR","","","","","38.7174072265625","-9.1320953369140625","test","","5","5","1","5","2","3","1","4","2","5","86","2","4","3","1","1","5","5","1","4","4","2","4","4","4","4","4","2","4","4","4","4","7","3","4","3","3","6","3","6","7","3","6","6","6","1","1","1","3","2","1","1","4","2","2","4","5","3","5","5","2","1","4","5","4","3","10","1","","3"
"10/7/2019 5:19","10/7/2019 5:19","2","","100","1","1","10/7/2019 5:19","R_5b5rjzsAdir7cpv","","","","","38.7174072265625","-9.1320953369140625","test","","4","3","2","5","4","1","5","5","4","3","37","1","1","1","3","2","1","5","5","3","4","3","2","2","3","1","2","3","1","3","2","6","5","2","2","7","6","4","5","5","7","5","2","7","3","6","6","1","2","7","3","2","2","5","5","3","4","5","1","4","5","5","3","5","2","3","87","1","","2"
"10/7/2019 5:19","10/7/2019 5:19","2","","100","0","1","10/7/2019 5:19","R_cSXVuYUtetSH6uh","","","","","38.7174072265625","-9.1320953369140625","test","","4","3","5","3","2","5","3","2","5","1","100","2","4","5","1","3","5","2","3","1","5","2","3","4","1","4","4","4","1","4","4","5","7","4","6","3","6","5","7","3","7","7","1","4","5","4","4","1","4","2","3","1","4","2","5","5","3","3","2","5","4","1","1","4","3","2","77","3","Primis tempor dolorem primis. Non convallis ligula duis cras sollicitudin.","4"
"10/7/2019 5:19","10/7/2019 5:19","2","","100","0","1","10/7/2019 5:19","R_1FfHDocEodvod4p","","","","","38.7174072265625","-9.1320953369140625","test","","2","5","2","2","5","3","3","5","3","5","83","3","4","4","5","5","3","5","2","5","4","3","2","1","3","2","4","3","4","2","1","5","5","5","7","5","2","4","7","5","2","7","3","2","4","5","5","1","6","1","1","3","3","1","3","1","1","4","5","4","2","5","4","3","1","5","62","3","Augue augue cras faucibus nulla risus fringilla. Elit? Ligula, suscipit facilisi? Ab.","2"
"10/7/2019 5:19","10/7/2019 5:19","2","","100","0","1","10/7/2019 5:19","R_bsdwtfKWJ6oi5X7","","","","","38.7174072265625","-9.1320953369140625","test","","4","5","4","5","1","2","4","2","5","5","31","5","4","2","4","3","4","1","4","5","1","4","3","4","3","2","3","1","4","2","2","2","6","6","3","1","5","5","4","7","1","3","5","5","7","7","3","3","7","7","1","3","1","3","4","4","3","2","3","5","3","5","4","3","4","5","65","2","","2"
"10/7/2019 5:19","10/7/2019 5:19","2","","100","0","1","10/7/2019 5:19","R_eaFbhFgKQAy4VyR","","","","","38.7174072265625","-9.1320953369140625","test","","1","4","5","4","2","4","2","3","5","3","32","3","1","1","2","5","3","1","5","2","2","1","2","3","3","4","3","4","4","1","2","5","1","1","5","5","1","4","4","7","2","2","1","2","2","3","2","6","3","5","5","4","4","5","1","3","4","1","1","2","2","1","3","3","1","1","99","1","","2"
"10/7/2019 5:19","10/7/2019 5:19","2","","100","0","1","10/7/2019 5:19","R_eERhLtm8emJJ4zz","","","","","38.7174072265625","-9.1320953369140625","test","","4","3","5","5","4","1","3","2","1","1","77","4","1","5","1","5","5","2","4","1","2","2","4","2","4","3","3","2","1","2","3","1","6","7","3","2","7","3","1","4","6","6","2","1","2","3","3","7","6","6","4","1","5","5","1","5","5","1","3","2","1","5","3","4","3","3","29","1","","3"
"10/7/2019 5:19","10/7/2019 5:19","2","","100","0","1","10/7/2019 5:19","R_0VQXXhCATJBqFzn","","","","","38.7174072265625","-9.1320953369140625","test","","2","1","3","5","4","4","1","5","2","3","76","2","3","1","2","3","2","1","1","3","3","4","3","2","3","2","4","1","4","2","1","3","4","6","7","3","6","3","2","3","5","1","2","5","5","6","4","2","5","1","5","2","5","5","2","5","5","1","3","4","1","5","1","1","1","5","24","3","Imperdiet nec euismod sagittis bibendum phasellus consectetuer consequat elementum. Ultricies morbi ut elit ac vehicula.","2"
"10/7/2019 5:19","10/7/2019 5:19","2","","100","0","1","10/7/2019 5:19","R_dgO6gclNpDOh5u5","","","","","38.7174072265625","-9.1320953369140625","test","","3","1","3","2","3","1","2","5","1","2","16","3","1","4","3","4","2","3","5","1","4","1","3","2","1","1","3","3","1","3","4","1","1","5","4","7","3","7","7","7","1","1","4","6","1","6","6","6","1","6","2","1","4","1","5","3","5","4","1","5","2","4","3","2","4","5","15","3","In tortor etiam? Interdum quam non fermentum ac tincidunt leo posuere ante.","2"
"10/7/2019 5:19","10/7/2019 5:19","2","","100","1","1","10/7/2019 5:19","R_3VFKrT4EXW5GBMx","","","","","38.7174072265625","-9.1320953369140625","test","","2","2","5","2","2","4","2","3","2","2","74","5","5","4","3","5","4","1","4","5","1","3","3","1","4","4","4","1","2","3","4","6","5","2","3","2","5","6","2","3","5","3","4","5","1","6","4","7","7","6","7","2","1","5","5","1","1","3","5","2","5","5","2","4","5","2","96","1","","1"
"10/7/2019 5:19","10/7/2019 5:19","2","","100","0","1","10/7/2019 5:19","R_cvfPObJqQ2EIivH","","","","","38.7174072265625","-9.1320953369140625","test","","5","2","4","1","2","2","4","1","1","1","24","1","5","1","5","2","1","4","2","5","4","2","2","1","1","3","2","4","1","1","3","2","2","3","6","6","4","2","1","2","3","1","4","4","3","6","5","7","1","4","6","5","2","3","5","4","2","2","4","4","2","4","2","4","4","5","3","3","Velit luctus pede! Urna aliquam viverra facilisi temporibus mauris nunc.","2"
"10/7/2019 5:19","10/7/2019 5:19","2","","100","0","1","10/7/2019 5:19","R_3sieKumAg704fU9","","","","","38.7174072265625","-9.1320953369140625","test","","4","2","5","2","5","2","5","2","5","1","98","2","5","3","1","2","1","4","3","1","3","2","4","3","2","3","4","4","4","4","4","5","7","3","3","2","3","6","1","7","2","6","7","5","4","5","4","4","3","6","2","2","3","1","2","4","3","4","1","4","2","4","3","5","1","3","1","2","","3"
"10/7/2019 5:19","10/7/2019 5:19","2","","100","0","1","10/7/2019 5:19","R_cCvxC5vpAnt6TE9","","","","","38.7174072265625","-9.1320953369140625","test","","2","4","2","1","2","1","5","5","5","1","48","3","2","1","5","4","1","5","3","2","3","3","1","4","2","2","3","3","1","1","2","7","7","6","2","1","3","1","4","1","3","6","3","5","6","3","7","7","5","1","7","4","2","4","4","5","5","5","3","3","3","1","3","5","2","5","84","1","","1"
"10/7/2019 5:19","10/7/2019 5:19","2","","100","0","1","10/7/2019 5:19","R_e5L6GkITaaQ81p3","","","","","38.7174072265625","-9.1320953369140625","test","","4","3","1","2","1","2","5","2","1","3","84","5","4","3","4","2","3","4","5","5","2","1","2","1","1","4","1","2","2","1","1","3","4","1","5","5","6","7","4","4","3","2","1","7","4","2","1","2","4","6","5","4","5","1","5","4","5","4","1","2","3","2","4","3","1","4","88","2","","3"
"10/7/2019 5:19","10/7/2019 5:19","2","","100","0","1","10/7/2019 5:19","R_e8mdxqOUIWMHsB7","","","","","38.7174072265625","-9.1320953369140625","test","","2","3","5","5","3","1","3","5","1","1","19","2","2","5","5","1","3","2","3","5","2","3","1","4","3","3","4","4","2","1","3","2","7","5","1","3","7","3","2","1","4","2","1","3","1","1","5","1","7","4","6","1","3","2","5","4","4","1","5","4","1","3","5","1","3","1","16","3","Donec accumsan accusamus, id eleifend diam suspendisse tempora vulputate cursus integer cursus quam sagittis mi.","3"
"10/7/2019 5:19","10/7/2019 5:19","2","","100","0","1","10/7/2019 5:19","R_74EsV6VBMWKX8ih","","","","","38.7174072265625","-9.1320953369140625","test","","4","2","5","1","3","2","5","2","5","1","0","5","5","5","2","5","4","2","4","2","1","2","1","4","3","4","1","1","2","1","3","7","1","3","6","1","7","5","3","4","3","6","7","2","6","7","6","4","1","4","2","3","1","1","4","4","3","1","1","4","4","1","1","1","1","4","2","2","","3"
"10/7/2019 5:19","10/7/2019 5:19","2","","100","0","1","10/7/2019 5:19","R_dm35C8c4TaZZNI1","","","","","38.7174072265625","-9.1320953369140625","test","","3","4","1","5","3","2","3","5","3","5","6","2","4","4","1","2","4","2","5","3","3","3","1","4","3","1","1","3","1","3","2","7","4","3","4","5","7","3","1","7","2","7","7","5","4","4","6","1","7","3","1","3","5","4","5","4","4","3","1","5","4","2","2","1","3","2","20","1","","1"
"10/7/2019 5:19","10/7/2019 5:19","2","","100","0","1","10/7/2019 5:19","R_9zxvKDAsaGKHwDr","","","","","38.7174072265625","-9.1320953369140625","test","","2","1","4","1","4","2","4","1","4","1","97","3","1","5","4","2","4","4","1","3","5","4","4","4","3","3","4","1","4","3","3","4","1","5","4","1","4","4","1","3","2","5","2","6","5","3","4","7","4","1","6","5","5","1","3","4","5","2","2","2","1","5","2","4","5","2","53","1","","2"
"10/7/2019 5:19","10/7/2019 5:19","2","","100","0","1","10/7/2019 5:19","R_8rjAvCIlbGnSJmd","","","","","38.7174072265625","-9.1320953369140625","test","","2","5","4","3","1","4","5","5","1","1","15","5","1","4","3","5","1","2","3","3","1","2","4","3","1","4","4","3","2","1","4","7","4","1","2","4","7","5","3","2","1","2","5","5","1","5","7","2","5","2","6","3","3","2","4","4","2","2","2","1","3","3","1","2","1","1","6","1","","2"
"10/7/2019 5:19","10/7/2019 5:19","2","","100","0","1","10/7/2019 5:19","R_8wyD5q1Jv5u1q3X","","","","","38.7174072265625","-9.1320953369140625","test","","5","3","2","3","3","2","5","4","4","2","71","4","2","2","1","5","3","5","1","1","4","1","2","3","4","2","1","1","3","4","4","6","2","6","1","5","5","5","2","3","7","4","1","3","4","5","6","7","1","1","1","1","1","5","5","4","4","5","2","5","4","3","4","2","1","3","64","2","","1"
"10/7/2019 5:19","10/7/2019 5:19","2","","100","0","1","10/7/2019 5:19","R_eagM264IsMOhYhL","","","","","38.7174072265625","-9.1320953369140625","test","","5","2","4","5","1","3","5","3","1","3","50","5","1","4","1","4","2","5","4","1","4","4","3","3","1","1","1","2","2","1","3","4","2","7","1","2","3","4","2","4","1","1","5","5","3","7","4","7","6","5","6","2","1","5","5","5","3","4","2","5","1","1","4","4","5","5","61","1","","2"
"10/7/2019 5:19","10/7/2019 5:19","2","","100","0","1","10/7/2019 5:19","R_e2wl4jnRySfahMh","","","","","38.7174072265625","-9.1320953369140625","test","","3","5","5","4","4","1","2","2","4","4","17","4","1","4","3","4","5","5","3","2","2","4","3","3","3","2","4","4","3","2","2","2","4","5","7","2","4","1","7","1","4","7","3","1","5","7","1","6","5","5","6","5","1","5","2","1","3","1","4","1","4","1","5","4","5","3","70","1","","4"
"10/7/2019 5:19","10/7/2019 5:19","2","","100","0","1","10/7/2019 5:19","R_6LofRfIkhj9Pcwd","","","","","38.7174072265625","-9.1320953369140625","test","","3","2","4","5","3","2","5","4","1","3","9","5","2","2","5","2","1","5","5","4","2","4","4","4","4","2","1","4","3","2","4","4","7","5","3","5","3","2","5","5","7","1","1","1","1","3","6","4","4","5","1","5","2","3","3","4","3","4","3","4","3","4","2","1","4","3","29","2","","3"
"10/7/2019 5:19","10/7/2019 5:19","2","","100","0","1","10/7/2019 5:19","R_4PaC0AGI5dOn7E1","","","","","38.7174072265625","-9.1320953369140625","test","","2","5","2","3","1","1","1","4","3","3","2","4","1","3","4","4","3","2","3","3","2","4","1","3","2","2","1","1","4","2","2","1","6","3","4","6","5","7","1","5","3","4","6","1","1","4","4","6","6","5","1","1","4","5","3","5","3","5","2","2","1","2","4","5","5","2","32","2","","3"
"10/7/2019 5:19","10/7/2019 5:19","2","","100","0","1","10/7/2019 5:19","R_9yiqQ2XYc2T7I4R","","","","","38.7174072265625","-9.1320953369140625","test","","2","1","5","5","4","4","4","2","5","4","44","5","1","4","1","3","5","4","2","5","2","1","1","1","4","3","3","1","1","2","1","1","4","4","7","3","3","2","4","1","4","7","6","1","3","5","5","4","7","2","6","3","5","2","4","1","1","1","1","2","1","1","2","5","2","5","92","1","","3"
"10/7/2019 5:19","10/7/2019 5:19","2","","100","0","1","10/7/2019 5:19","R_5stV3lHdSkCbJDD","","","","","38.7174072265625","-9.1320953369140625","test","","2","4","5","3","4","1","3","1","1","5","67","3","5","5","2","4","5","5","2","2","1","2","4","1","3","3","1","2","2","2","2","4","2","5","3","5","5","3","3","3","7","5","4","4","3","6","1","6","2","3","1","3","5","3","4","5","3","2","5","2","4","2","1","1","4","1","72","3","Lectus venenatis! Erat ut suscipit sagittis! Sed atque vivamus pretium.","1"
"10/7/2019 5:19","10/7/2019 5:19","2","","100","0","1","10/7/2019 5:19","R_bvCyBQ5nOkV8lMh","","","","","38.7174072265625","-9.1320953369140625","test","","1","4","5","4","5","1","2","5","4","4","72","4","2","5","5","3","4","5","4","5","2","2","3","1","2","1","3","1","1","1","3","6","2","6","4","6","6","3","4","4","2","3","3","5","3","7","2","3","6","7","1","1","4","2","5","3","1","4","3","2","3","4","5","5","1","1","52","3","Turpis metus. Faucibus massa? Cursus ut. Sollicitudin augue arcu! Vel dapibus commodo.","4"
"10/7/2019 5:19","10/7/2019 5:19","2","","100","0","1","10/7/2019 5:19","R_1AqifDb4kE47cDH","","","","","38.7174072265625","-9.1320953369140625","test","","3","1","3","3","4","4","3","4","3","4","8","3","5","5","2","1","1","2","5","2","3","3","4","4","4","1","4","3","1","4","1","2","4","5","1","5","6","6","3","5","3","2","1","6","1","5","3","6","4","5","1","4","4","1","2","4","1","2","5","2","5","4","5","2","3","2","47","3","Potenti est a felis montes dolor. Enim suspendisse nullam. Lacus culpa nullam.","2"
"10/7/2019 5:19","10/7/2019 5:19","2","","100","0","1","10/7/2019 5:19","R_3ghjQxDad0D8C7r","","","","","38.7174072265625","-9.1320953369140625","test","","4","4","2","4","2","5","2","4","5","3","100","5","3","5","1","5","5","5","4","1","2","3","4","2","2","1","4","2","3","1","2","7","7","4","6","3","1","6","6","5","4","5","4","3","2","6","1","5","3","3","5","4","2","3","5","3","1","4","5","1","5","4","3","2","5","5","86","1","","1"
"10/7/2019 5:19","10/7/2019 5:19","2","","100","0","1","10/7/2019 5:19","R_eFXWvDht61UkwiV","","","","","38.7174072265625","-9.1320953369140625","test","","1","2","1","5","4","5","5","2","4","4","12","3","2","1","3","3","2","3","3","2","4","4","1","1","3","4","3","2","2","4","3","4","2","5","5","1","4","5","5","1","2","6","4","5","2","1","7","1","6","1","6","4","3","3","4","3","1","4","2","2","4","1","5","2","5","3","98","3","Euismod! Sodales mattis gravida non quis quis interdum? Egestas accusamus.","3"
"10/7/2019 5:19","10/7/2019 5:19","2","","100","1","1","10/7/2019 5:19","R_eerzdd8Z3Pc8ml7","","","","","38.7174072265625","-9.1320953369140625","test","","4","5","1","2","3","1","2","4","1","2","93","4","2","2","4","2","5","3","5","3","2","4","4","2","2","4","3","4","1","4","3","6","5","5","3","6","2","6","1","4","3","5","3","6","5","7","1","5","3","3","7","4","2","1","3","3","5","2","1","5","5","5","3","3","1","1","35","2","","1"
"10/7/2019 5:19","10/7/2019 5:19","2","","100","0","1","10/7/2019 5:19","R_7UtcjJ7ZA4l99M9","","","","","38.7174072265625","-9.1320953369140625","test","","4","3","5","2","1","3","3","2","2","2","35","1","4","5","5","2","3","5","5","3","2","1","1","4","1","4","1","2","3","1","4","6","3","7","3","2","7","4","3","2","3","2","7","4","6","5","3","4","1","4","5","3","3","5","5","5","5","1","5","2","2","2","1","2","1","1","73","2","","3"
"10/7/2019 5:19","10/7/2019 5:19","2","","100","0","1","10/7/2019 5:19","R_4TNvAkaSuqB43KR","","","","","38.7174072265625","-9.1320953369140625","test","","3","2","3","4","1","1","3","4","2","3","82","4","5","5","3","5","2","5","4","2","5","2","3","2","1","1","3","2","1","2","2","4","6","5","2","2","7","6","5","3","5","2","1","1","6","7","4","7","4","3","3","4","2","1","3","1","3","3","2","4","3","3","3","4","5","1","27","1","","3"
"10/7/2019 5:19","10/7/2019 5:19","2","","100","0","1","10/7/2019 5:19","R_6hsgUJ2R6p8mJil","","","","","38.7174072265625","-9.1320953369140625","test","","3","1","4","5","1","1","1","2","2","1","75","4","5","4","5","4","2","4","4","4","1","3","3","1","2","1","2","4","1","2","2","6","4","1","4","4","7","1","7","1","2","7","3","2","4","1","7","4","3","1","7","5","1","2","2","1","1","4","2","3","4","5","3","2","3","1","81","1","","4"
"10/7/2019 5:19","10/7/2019 5:19","2","","100","0","1","10/7/2019 5:19","R_e9yRzi0Gd7yPAGN","","","","","38.7174072265625","-9.1320953369140625","test","","3","5","5","4","4","2","1","4","2","1","78","3","5","2","1","1","2","1","1","1","1","2","2","1","2","2","2","2","4","2","3","1","4","1","2","6","3","1","4","3","5","6","1","3","4","2","7","3","3","3","1","4","2","5","3","2","4","2","1","5","2","2","3","1","2","1","93","2","","1"
"10/7/2019 5:19","10/7/2019 5:19","2","","100","0","1","10/7/2019 5:19","R_cZSgI331y8kmOix","","","","","38.7174072265625","-9.1320953369140625","test","","2","3","5","5","1","4","4","5","4","5","100","3","1","3","4","5","2","2","2","5","3","3","2","3","1","4","1","4","1","1","4","5","1","3","7","3","4","2","6","5","6","3","1","3","2","3","6","7","2","2","5","5","1","4","1","3","4","5","1","4","1","2","3","5","5","2","57","1","","3"
"10/7/2019 5:19","10/7/2019 5:19","2","","100","0","1","10/7/2019 5:19","R_0qVtz9PcYkcGFCd","","","","","38.7174072265625","-9.1320953369140625","test","","1","5","1","5","1","5","1","2","3","4","78","5","1","2","2","4","4","3","5","2","1","4","2","4","2","4","3","3","3","1","2","6","1","2","1","5","3","6","6","7","4","5","7","7","2","4","2","4","3","5","6","1","5","4","5","3","2","1","4","5","2","1","2","1","3","4","47","2","","2"
"10/7/2019 5:19","10/7/2019 5:19","2","","100","1","1","10/7/2019 5:19","R_aadkmF477mZaYVn","","","","","38.7174072265625","-9.1320953369140625","test","","2","2","1","2","1","2","3","4","1","2","81","5","1","5","2","5","3","4","4","1","4","4","4","2","2","1","2","1","1","3","1","6","3","4","7","4","4","5","4","4","3","1","1","4","5","1","3","5","2","4","5","1","3","1","1","3","1","3","3","2","4","4","5","2","2","2","36","3","Arcu molestie urna malesuada! Cursus. Tincidunt! Tempora tempor tellus vestibulum a in.","1"
"10/7/2019 5:19","10/7/2019 5:19","2","","100","0","1","10/7/2019 5:19","R_72vFmbjHoTGQ2Oh","","","","","38.7174072265625","-9.1320953369140625","test","","3","5","3","4","3","5","3","1","2","1","10","3","4","1","4","5","4","1","4","4","5","1","4","4","3","3","2","3","3","1","4","2","7","5","3","7","4","7","1","7","2","2","5","4","3","7","5","3","4","5","4","1","2","3","3","4","4","4","4","2","5","3","1","3","1","3","99","1","","2"
"10/7/2019 5:19","10/7/2019 5:19","2","","100","0","1","10/7/2019 5:19","R_3Caioer7wFRZvmZ","","","","","38.7174072265625","-9.1320953369140625","test","","1","2","4","3","5","3","1","3","2","4","86","5","2","4","3","2","1","1","1","1","3","4","4","2","1","3","2","2","3","4","4","2","5","5","5","3","1","3","4","4","2","5","1","4","6","1","1","2","7","2","1","1","1","2","4","2","4","4","2","1","2","1","1","3","4","1","66","1","","1"
"10/7/2019 5:19","10/7/2019 5:19","2","","100","0","1","10/7/2019 5:19","R_bDSqqoZXkDR8f7T","","","","","38.7174072265625","-9.1320953369140625","test","","1","1","2","4","3","2","1","2","2","3","87","2","3","2","3","1","3","2","1","5","1","3","3","2","1","4","4","2","4","2","1","6","1","7","4","3","7","4","7","4","1","1","2","7","7","5","4","5","3","7","2","5","4","5","4","2","5","2","4","3","1","3","5","5","5","1","76","2","","2"
"10/7/2019 5:19","10/7/2019 5:19","2","","100","0","1","10/7/2019 5:19","R_cYCXg2NkKvceJSt","","","","","38.7174072265625","-9.1320953369140625","test","","1","4","4","5","4","1","5","4","4","3","85","5","5","1","2","2","4","3","5","2","1","1","4","1","1","1","4","4","4","2","1","2","3","7","7","6","2","6","7","1","3","5","4","6","7","3","5","5","5","4","1","3","1","3","1","4","4","5","2","2","5","1","1","4","3","4","25","2","","3"
"10/7/2019 5:19","10/7/2019 5:19","2","","100","0","1","10/7/2019 5:19","R_1YsPpQ4fgnjpbeZ","","","","","38.7174072265625","-9.1320953369140625","test","","4","5","5","4","5","2","5","2","5","2","25","5","2","4","2","5","2","3","2","3","1","4","2","2","4","1","3","4","2","3","2","5","1","1","6","3","3","1","2","4","2","5","1","5","3","6","2","6","4","6","2","5","2","4","2","1","3","1","3","4","1","3","4","4","2","5","59","3","Fermentum viverra blandit eros at. At proin sollicitudin rutrum! Leo. Laoreet metus mi sagittis.","1"
"10/7/2019 5:19","10/7/2019 5:19","2","","100","0","1","10/7/2019 5:19","R_3emWFMvTWhhtf6t","","","","","38.7174072265625","-9.1320953369140625","test","","5","2","5","4","3","2","3","5","3","1","15","3","1","5","2","4","3","4","5","4","2","4","3","2","1","3","4","2","4","3","4","4","7","4","4","4","1","1","4","6","6","1","2","3","3","6","3","5","1","3","7","1","5","1","2","5","5","2","2","2","1","3","1","3","4","4","82","1","","4"
"10/7/2019 5:19","10/7/2019 5:19","2","","100","1","1","10/7/2019 5:19","R_0Jtn2oVQ7CKL6T3","","","","","38.7174072265625","-9.1320953369140625","test","","5","2","3","3","2","4","3","3","3","3","23","5","3","1","2","3","2","3","3","4","2","2","3","4","1","1","4","2","4","4","4","1","5","1","3","7","7","3","4","1","6","6","4","3","7","6","6","5","3","6","5","3","3","3","2","1","3","5","2","4","2","5","4","2","2","5","90","1","","2"
"10/7/2019 5:19","10/7/2019 5:19","2","","100","0","1","10/7/2019 5:19","R_56HXChKnRnrIfml","","","","","38.7174072265625","-9.1320953369140625","test","","3","4","3","3","1","2","3","1","2","4","14","2","1","3","5","2","3","4","4","3","2","1","4","3","4","2","4","2","4","4","1","1","4","7","4","6","5","6","3","2","5","7","5","3","2","1","3","2","1","5","5","2","3","4","2","2","5","4","5","5","3","5","3","5","5","1","52","3","Dictumst aliquet facilisi lorem dui donec neque iaculis convallis sit proin tempor etiam.","1"
"10/7/2019 5:19","10/7/2019 5:19","2","","100","0","1","10/7/2019 5:19","R_8w6lNclOEfOG9YV","","","","","38.7174072265625","-9.1320953369140625","test","","1","4","2","1","1","4","4","1","5","2","100","5","4","1","1","2","2","2","5","3","4","3","3","1","2","4","3","1","1","1","2","6","4","6","1","5","6","6","2","7","3","4","4","5","1","2","7","5","5","6","2","3","2","5","5","5","5","5","4","5","1","2","4","1","5","1","1","1","","2"
"10/7/2019 5:19","10/7/2019 5:19","2","","100","0","1","10/7/2019 5:19","R_9ZFdlSx8uOE1Cex","","","","","38.7174072265625","-9.1320953369140625","test","","1","4","3","1","3","5","3","5","5","1","55","5","2","5","2","4","2","2","3","1","4","4","2","4","3","3","4","2","1","1","2","2","4","7","2","5","3","3","6","3","2","5","1","4","1","5","4","2","4","4","3","5","1","5","3","4","2","5","1","5","5","1","3","4","5","3","65","2","","2"
"10/7/2019 5:19","10/7/2019 5:19","2","","100","0","1","10/7/2019 5:19","R_brP2ufT4gQ59hJz","","","","","38.7174072265625","-9.1320953369140625","test","","2","5","1","3","5","3","3","3","1","2","88","2","1","2","1","4","5","1","1","5","5","4","4","2","2","4","1","2","4","1","2","3","5","1","3","5","4","2","5","7","7","5","3","7","2","2","6","7","7","2","7","3","4","2","5","2","1","5","2","2","5","2","4","4","2","5","87","3","Dui non? Potenti quam rhoncus sodales, diam proin tortor. Commodo mattis fermentum magnis.","3"
"10/7/2019 5:19","10/7/2019 5:19","2","","100","0","1","10/7/2019 5:19","R_dm7Kn1AHKFh8zzv","","","","","38.7174072265625","-9.1320953369140625","test","","5","2","5","3","4","2","5","1","5","4","38","1","4","2","1","1","1","2","3","2","4","4","1","1","3","4","2","2","2","1","4","3","7","6","3","5","5","3","2","4","7","6","6","1","2","6","2","2","4","1","5","5","3","1","4","1","4","1","1","3","1","4","3","4","1","1","48","3","Enim euismod dolor eu. Ligula phasellus dictumst eget atque lectus integer, facilisis temporibus.","1"
"10/7/2019 5:19","10/7/2019 5:19","2","","100","0","1","10/7/2019 5:19","R_4SJIZ4aG1JIEnul","","","","","38.7174072265625","-9.1320953369140625","test","","4","4","5","1","2","4","2","5","3","1","76","2","2","4","1","3","3","1","4","5","3","3","2","3","2","4","3","1","2","2","2","7","2","6","5","7","3","6","2","5","6","2","3","4","5","1","2","4","7","7","6","3","4","3","1","1","5","3","4","5","1","1","1","5","4","3","59","2","","2"
"10/7/2019 5:19","10/7/2019 5:19","2","","100","0","1","10/7/2019 5:19","R_8uZUVoto0KAz6Xb","","","","","38.7174072265625","-9.1320953369140625","test","","2","4","5","5","2","2","1","3","3","1","75","2","4","5","4","4","4","1","5","4","4","4","3","1","1","1","2","2","4","3","2","2","3","3","6","1","6","2","1","3","6","6","5","7","3","5","7","1","7","6","2","4","1","2","5","3","2","1","5","2","3","5","4","5","4","2","39","2","","1"
"10/7/2019 5:19","10/7/2019 5:19","2","","100","0","1","10/7/2019 5:19","R_eXVJAUeH0gFdLyR","","","","","38.7174072265625","-9.1320953369140625","test","","3","5","4","4","1","5","4","5","1","2","20","3","2","5","5","5","5","1","4","3","2","4","4","3","1","3","2","2","1","2","3","1","3","5","2","4","5","2","6","4","3","1","4","1","3","1","6","1","4","4","4","2","2","2","3","5","3","5","5","2","4","1","1","3","4","5","75","1","","2"
"10/7/2019 5:19","10/7/2019 5:19","2","","100","0","1","10/7/2019 5:19","R_0JL9N7ZWx4uqxmJ","","","","","38.7174072265625","-9.1320953369140625","test","","5","5","3","5","4","1","2","1","5","2","33","1","5","1","1","3","5","3","3","3","5","1","4","2","2","1","2","3","2","2","2","7","4","6","6","5","3","4","5","5","1","5","2","4","7","2","3","4","4","3","5","3","1","4","5","3","2","5","1","1","3","2","3","2","5","1","41","1","","1"
"10/7/2019 5:19","10/7/2019 5:19","2","","100","0","1","10/7/2019 5:19","R_9EVxJ4ISaHoinL7","","","","","38.7174072265625","-9.1320953369140625","test","","5","4","1","5","1","4","4","2","2","5","53","1","1","5","5","4","5","5","4","2","2","3","4","2","4","2","1","3","4","3","1","7","7","7","6","6","2","2","6","6","6","2","3","3","2","4","6","3","6","2","1","4","1","2","4","5","2","1","4","1","5","5","5","5","4","4","57","3","Etiam ultrices consequat suspendisse risus ut. Fringilla elementum orci leo.","3"
"10/7/2019 5:19","10/7/2019 5:19","2","","100","0","1","10/7/2019 5:19","R_5bzqX8qtlCm1wkB","","","","","38.7174072265625","-9.1320953369140625","test","","5","3","4","1","2","5","2","4","1","3","53","4","1","4","3","3","3","2","5","2","2","1","3","4","4","3","4","1","1","2","1","2","3","7","2","2","3","6","7","6","4","7","3","3","5","2","4","3","3","4","4","5","1","5","1","3","4","2","5","5","3","5","2","2","2","1","22","2","","3"
"10/7/2019 5:19","10/7/2019 5:19","2","","100","0","1","10/7/2019 5:19","R_2lPW4GkSeILCakl","","","","","38.7174072265625","-9.1320953369140625","test","","2","2","5","3","3","1","4","4","1","5","96","2","4","5","4","2","2","3","2","4","4","1","3","3","4","4","4","2","1","4","4","2","5","5","6","1","6","7","7","3","1","7","3","1","1","6","2","6","1","6","3","2","2","1","1","1","1","3","5","1","2","4","4","1","2","1","31","2","","3"
"10/7/2019 5:19","10/7/2019 5:19","2","","100","0","1","10/7/2019 5:19","R_e4mY9XfGG7SBMGh","","","","","38.7174072265625","-9.1320953369140625","test","","2","3","3","4","1","4","1","5","5","5","4","1","5","1","1","5","4","2","4","1","4","2","4","1","1","1","1","2","1","4","4","5","2","2","2","6","6","2","7","7","7","7","2","6","2","7","7","6","4","2","1","4","2","5","5","4","4","3","5","5","3","1","4","1","1","3","72","2","","3"
"10/7/2019 5:19","10/7/2019 5:19","2","","100","1","1","10/7/2019 5:19","R_3Vu25zSNH0aj75X","","","","","38.7174072265625","-9.1320953369140625","test","","4","2","5","5","4","3","3","2","4","3","78","5","2","5","2","4","1","3","2","5","1","2","4","1","1","3","3","3","4","1","2","7","5","2","5","1","3","2","4","4","4","3","4","5","5","7","2","5","4","7","2","2","2","5","1","1","3","2","2","5","3","2","2","4","1","1","50","1","","1"
"10/7/2019 5:19","10/7/2019 5:19","2","","100","0","1","10/7/2019 5:19","R_d7jRS07W0MYOxWl","","","","","38.7174072265625","-9.1320953369140625","test","","2","2","2","2","1","4","4","2","3","1","23","2","5","2","1","3","4","4","3","3","4","4","2","1","1","4","1","4","2","1","2","6","6","7","5","5","4","2","1","6","7","5","3","1","5","4","3","2","5","4","6","3","4","5","4","4","1","2","2","3","1","2","3","2","4","1","7","3","Ut vulputate donec non tincidunt urna. Platea mattis sagittis sodales.","3"
"10/7/2019 5:19","10/7/2019 5:19","2","","100","0","1","10/7/2019 5:19","R_88RMloxZyUxgW5D","","","","","38.7174072265625","-9.1320953369140625","test","","5","4","3","4","4","4","2","3","4","2","68","2","2","1","3","3","4","4","5","4","2","1","1","4","2","2","1","2","1","2","2","4","3","3","2","3","6","6","3","6","2","3","4","6","1","2","5","6","5","3","1","4","5","1","4","5","2","3","3","2","5","3","2","5","2","5","62","2","","4"
"10/7/2019 5:19","10/7/2019 5:19","2","","100","0","1","10/7/2019 5:19","R_4SdrYc0eVhgnctT","","","","","38.7174072265625","-9.1320953369140625","test","","4","1","1","4","3","3","4","5","1","2","76","5","3","1","5","1","3","3","4","5","2","3","3","2","3","3","3","2","3","4","1","1","1","5","7","6","1","3","7","5","7","6","3","2","1","2","4","6","6","1","7","5","3","1","1","3","1","3","1","2","2","5","3","2","2","3","86","3","Urna ligula odio purus porta est? Vivamus sit sagittis neque rutrum nullam. Justo. Elit et.","4"
"10/7/2019 5:19","10/7/2019 5:19","2","","100","0","1","10/7/2019 5:19","R_egsZSNI16H3ppXv","","","","","38.7174072265625","-9.1320953369140625","test","","5","3","1","2","5","2","3","1","4","3","54","2","1","5","2","3","3","5","2","4","5","2","4","2","4","3","4","1","3","4","4","1","4","7","1","1","1","6","7","7","3","2","3","2","2","2","3","1","4","2","3","2","1","2","4","5","4","3","5","5","2","5","2","3","3","4","35","3","Duis eros ab dolor ridiculus! Quam mi? Urna nullam non eros sit.","3"
"10/7/2019 5:19","10/7/2019 5:19","2","","100","0","1","10/7/2019 5:19","R_bgzW2sUmzz3Inyd","","","","","38.7174072265625","-9.1320953369140625","test","","5","3","1","3","4","1","2","1","4","3","45","4","5","2","5","5","1","4","4","3","5","2","4","3","4","1","4","1","1","2","2","1","7","1","5","7","6","3","3","7","3","6","2","4","7","1","7","1","3","1","2","2","2","3","2","3","5","1","1","1","3","5","5","1","3","2","17","3","Montes potenti platea amet etiam duis urna rhoncus nonummy. Eleifend dictumst.","4"
"10/7/2019 5:19","10/7/2019 5:19","2","","100","0","1","10/7/2019 5:19","R_czGYOSpn7EzhUW1","","","","","38.7174072265625","-9.1320953369140625","test","","3","1","2","5","2","2","4","2","4","5","20","1","4","5","3","3","3","2","4","4","1","4","2","4","3","2","2","3","2","4","4","3","1","2","3","1","4","4","1","7","5","1","4","7","3","6","7","7","2","5","7","3","4","4","2","1","4","2","1","3","3","5","1","4","5","1","67","2","","2"
"10/7/2019 5:19","10/7/2019 5:19","2","","100","0","1","10/7/2019 5:19","R_81ZQNk11GTywvJP","","","","","38.7174072265625","-9.1320953369140625","test","","5","1","1","2","5","1","4","3","5","4","67","5","4","4","2","3","5","1","3","5","5","2","3","4","2","1","3","2","1","1","4","3","1","1","7","6","4","7","6","1","6","4","4","1","2","3","5","6","4","4","6","3","3","4","5","3","5","5","4","5","5","4","5","3","3","2","41","1","","2"
"10/7/2019 5:19","10/7/2019 5:19","2","","100","0","1","10/7/2019 5:19","R_efBePwwAtJXx1TT","","","","","38.7174072265625","-9.1320953369140625","test","","3","2","1","2","4","1","2","3","4","1","21","5","5","3","5","3","4","4","2","5","5","3","3","2","4","3","4","1","1","4","3","6","5","2","5","2","6","3","7","6","6","3","4","5","1","5","5","6","3","7","4","1","3","2","5","1","5","3","2","2","3","1","5","1","1","5","31","1","","1"
"10/7/2019 5:19","10/7/2019 5:19","2","","100","0","1","10/7/2019 5:19","R_066bRzEZeSDtzuZ","","","","","38.7174072265625","-9.1320953369140625","test","","5","1","4","1","5","2","5","2","5","1","90","3","4","5","3","5","2","5","2","2","3","4","3","1","3","1","4","1","2","3","3","7","6","3","3","1","4","3","2","7","6","6","6","2","1","7","5","3","5","5","6","1","1","4","1","4","5","2","3","1","3","5","4","5","4","5","87","3","Sit montes non mi erat scelerisque! Nulla curabitur justo purus maecenas posuere cras.","3"
"10/7/2019 5:19","10/7/2019 5:19","2","","100","0","1","10/7/2019 5:19","R_4HkMa61mNTUfBIN","","","","","38.7174072265625","-9.1320953369140625","test","","5","5","2","5","1","3","4","2","2","5","77","4","4","4","5","5","5","4","2","2","5","3","2","4","3","1","4","2","4","2","2","7","2","1","6","2","5","5","6","7","2","6","4","3","6","2","5","7","7","2","6","5","3","5","4","3","5","4","3","1","2","2","3","2","1","2","96","2","","3"
"10/7/2019 5:19","10/7/2019 5:19","2","","100","0","1","10/7/2019 5:19","R_7U3j2Hn4LBxIGP3","","","","","38.7174072265625","-9.1320953369140625","test","","3","4","3","3","1","5","4","3","4","5","28","5","1","5","4","5","3","2","2","1","4","1","4","1","4","2","1","4","3","4","3","3","2","1","3","2","5","3","6","1","5","2","5","7","3","1","1","7","1","6","5","3","1","2","3","3","1","3","5","2","4","5","3","5","4","4","17","3","Id ut fermentum enim, fermentum viverra venenatis fusce pede nulla.","3"
"10/7/2019 5:19","10/7/2019 5:19","2","","100","0","1","10/7/2019 5:19","R_0DI5xY08vqKYG6V","","","","","38.7174072265625","-9.1320953369140625","test","","1","3","2","3","4","5","5","2","3","2","71","3","5","2","5","3","2","2","1","4","2","2","4","1","3","3","3","1","4","1","1","6","5","4","3","3","5","7","2","3","5","5","3","5","1","4","3","5","6","4","2","3","5","2","3","5","4","4","5","3","4","3","5","2","4","2","48","2","","2"
"10/7/2019 5:19","10/7/2019 5:19","2","","100","1","1","10/7/2019 5:19","R_2bKpWgS5m0MKb0p","","","","","38.7174072265625","-9.1320953369140625","test","","3","5","1","5","2","1","4","4","1","5","74","3","3","3","2","2","4","2","1","4","2","1","3","1","4","4","4","3","3","2","1","2","6","7","2","4","2","5","6","4","3","1","5","3","4","4","6","2","5","4","4","1","5","2","3","3","1","5","5","3","4","3","4","3","2","4","3","1","","3"
"10/7/2019 5:19","10/7/2019 5:19","2","","100","0","1","10/7/2019 5:19","R_cPfM9plplUNZln7","","","","","38.7174072265625","-9.1320953369140625","test","","1","2","4","1","5","4","4","5","3","3","58","1","1","5","4","2","1","2","1","4","3","4","3","3","1","1","4","2","3","4","1","1","4","6","6","6","4","6","1","1","2","3","3","4","7","2","7","6","4","4","4","5","3","5","3","5","2","2","4","5","5","1","2","4","2","3","94","3","Iaculis! Ipsum molestie. Placerat faucibus a wisi, fusce a. Tellus est, morbi? Metus.","2"
"10/7/2019 5:19","10/7/2019 5:19","2","","100","0","1","10/7/2019 5:19","R_7V5oAbEHmgpAJ6Z","","","","","38.7174072265625","-9.1320953369140625","test","","1","4","1","1","4","2","3","2","1","2","40","1","4","5","3","1","4","2","3","1","3","1","2","1","3","1","1","1","3","3","2","5","6","2","4","1","2","2","7","6","7","4","5","7","3","6","1","2","5","4","2","2","5","1","4","1","4","4","1","5","1","5","1","3","2","3","51","3","Curabitur diam dolor tellus ligula venenatis primis, ullamcorper lorem suspendisse, leo volutpat eros molestie vulputate.","3"
"10/7/2019 5:19","10/7/2019 5:19","2","","100","0","1","10/7/2019 5:19","R_bdV48p6VaApnehD","","","","","38.7174072265625","-9.1320953369140625","test","","4","4","5","3","1","4","4","5","5","3","66","3","5","5","3","1","5","3","5","3","5","2","3","2","4","4","3","3","2","2","1","4","5","6","6","4","4","5","7","5","4","2","1","3","6","7","5","4","5","3","3","1","5","4","1","2","3","4","4","4","5","5","1","1","1","3","86","3","Phasellus in commodo fusce nec. Leo ullamcorper. Praesent lacus. Nec, tortor rutrum! Ultrices.","2"
"10/7/2019 5:19","10/7/2019 5:19","2","","100","0","1","10/7/2019 5:19","R_cC5e8sseGOra70p","","","","","38.7174072265625","-9.1320953369140625","test","","3","2","3","5","1","3","2","2","2","4","84","1","5","5","1","4","4","5","5","3","2","4","3","4","4","4","3","2","2","3","3","5","3","3","7","1","5","2","2","3","2","3","4","7","3","7","1","6","7","5","1","2","1","5","2","1","1","4","5","1","5","3","3","5","2","1","35","3","Neque quam montes pede, etiam vitae ridiculus sagittis luctus et.","2"
"10/7/2019 5:19","10/7/2019 5:19","2","","100","0","1","10/7/2019 5:19","R_9snnLLEr3CKRGXH","","","","","38.7174072265625","-9.1320953369140625","test","","4","1","4","1","3","1","2","5","2","3","56","5","2","3","5","5","2","1","1","2","2","4","1","2","4","2","4","2","3","2","3","6","4","7","3","2","6","2","1","6","5","3","3","4","6","6","5","4","4","7","2","5","2","1","5","3","5","2","1","4","5","2","2","3","3","2","98","3","Praesent accumsan iaculis elit atque nonummy egestas molestie tempor. Facilisi sollicitudin quis dolorem.","4"
"10/7/2019 5:19","10/7/2019 5:19","2","","100","0","1","10/7/2019 5:19","R_b8vFrYCHlsmszDn","","","","","38.7174072265625","-9.1320953369140625","test","","3","4","3","1","5","4","2","3","5","1","88","1","2","4","1","2","3","1","1","3","3","2","4","3","2","3","3","1","4","4","3","4","7","5","1","6","1","7","2","1","3","4","4","6","3","1","1","3","2","4","1","1","5","4","4","3","1","4","2","3","1","2","4","3","2","4","32","1","","3"
"10/7/2019 5:19","10/7/2019 5:19","2","","100","0","1","10/7/2019 5:19","R_5jedHkU9CYMgFWB","","","","","38.7174072265625","-9.1320953369140625","test","","4","2","1","1","3","3","1","2","3","4","19","2","1","4","1","4","3","3","3","2","2","3","3","1","2","4","2","4","1","4","2","7","6","4","2","7","4","5","7","2","6","5","6","7","3","3","1","7","1","7","5","1","5","4","4","3","2","1","5","3","2","3","1","5","3","2","27","3","Porta sodales? Phasellus magna urna natoque natoque diam. Tortor, fringilla lorem consectetuer nonummy imperdiet.","3"
"10/7/2019 5:19","10/7/2019 5:19","2","","100","0","1","10/7/2019 5:19","R_eeq3mxID8znHqG9","","","","","38.7174072265625","-9.1320953369140625","test","","2","1","4","5","2","5","4","1","4","3","2","1","5","2","2","4","3","2","1","3","1","4","2","2","4","1","3","2","2","3","4","1","3","2","2","7","2","1","3","5","4","4","4","1","2","1","1","6","5","6","7","4","4","1","2","2","2","3","4","5","5","4","5","1","1","2","68","3","Est id nulla. Nonummy eros potenti nunc aliquet potenti quam, etiam proin aenean.","4"
"10/7/2019 5:19","10/7/2019 5:19","2","","100","0","1","10/7/2019 5:19","R_82j1KHDlCAv6UE5","","","","","38.7174072265625","-9.1320953369140625","test","","4","3","1","3","5","5","4","1","3","3","89","3","4","1","1","4","5","3","4","4","5","4","1","3","4","4","4","1","4","4","4","7","2","7","5","5","7","4","3","3","2","6","7","2","7","5","1","3","4","6","2","3","3","3","3","4","2","1","2","1","3","1","2","2","2","1","40","3","Montes? Fusce. Eros nulla pharetra volutpat aliquet magna vulputate eu.","2"
"10/7/2019 5:19","10/7/2019 5:19","2","","100","0","1","10/7/2019 5:19","R_3s0Nvb5ajUoojxb","","","","","38.7174072265625","-9.1320953369140625","test","","2","3","4","2","2","1","2","4","3","4","54","4","4","4","4","1","1","1","4","5","5","2","3","1","1","4","4","1","3","2","1","4","5","4","2","5","3","7","7","7","1","4","4","3","2","7","5","1","4","4","6","5","1","5","4","3","5","1","5","2","3","3","4","5","2","5","11","2","","1"
"10/7/2019 5:19","10/7/2019 5:19","2","","100","0","1","10/7/2019 5:19","R_bC82Hk4Jv4GU4O9","","","","","38.7174072265625","-9.1320953369140625","test","","3","3","2","2","4","5","1","2","5","3","81","1","1","4","2","4","4","2","3","2","4","2","2","3","4","3","4","3","4","4","3","3","1","6","1","5","3","3","1","1","6","7","2","3","7","3","3","1","1","1","4","3","5","2","4","2","5","5","2","2","1","1","4","5","5","1","93","1","","3"
"10/7/2019 5:19","10/7/2019 5:19","2","","100","0","1","10/7/2019 5:19","R_9ElkKBSFIYlUiB7","","","","","38.7174072265625","-9.1320953369140625","test","","3","5","3","2","4","1","2","5","1","2","46","1","1","2","1","1","5","4","2","4","4","4","4","3","4","2","3","4","2","2","3","6","7","1","7","7","5","2","4","7","6","3","1","6","3","4","5","1","2","5","3","1","2","4","4","4","1","1","1","4","4","4","1","1","5","2","39","1","","4"
"10/7/2019 5:19","10/7/2019 5:19","2","","100","0","1","10/7/2019 5:19","R_3gAXehr0MlZtnxP","","","","","38.7174072265625","-9.1320953369140625","test","","3","2","3","2","4","2","5","3","1","1","98","5","3","1","4","5","4","5","2","4","1","3","3","1","2","4","4","3","4","1","2","4","5","3","6","5","4","5","2","6","5","6","4","3","6","3","4","6","2","6","5","4","5","5","1","5","4","4","3","4","2","3","3","1","3","5","100","3","Culpa gravida dolor temporibus iaculis facilisi aliquam elit! Fermentum mi ligula ridiculus cursus a.","2"
"10/7/2019 5:19","10/7/2019 5:19","2","","100","0","1","10/7/2019 5:19","R_9Qz4vnDTnuPqlaR","","","","","38.7174072265625","-9.1320953369140625","test","","4","3","1","5","5","2","2","2","4","2","45","3","2","5","3","3","4","3","2","1","4","3","3","3","3","3","3","2","4","2","3","7","6","6","5","3","5","4","5","3","4","5","7","4","6","7","6","3","3","2","6","5","4","1","1","1","3","1","2","5","4","2","5","2","3","4","63","2","","2"
"10/7/2019 5:20","10/7/2019 5:20","2","","100","0","1","10/7/2019 5:20","R_czHat0J0KmzGM1T","","","","","38.7174072265625","-9.1320953369140625","test","","3","4","2","1","1","2","5","2","1","5","2","2","2","5","5","1","2","3","2","2","2","4","2","4","4","2","1","1","1","1","4","1","2","4","5","1","2","4","4","3","6","1","7","1","3","4","5","1","1","4","3","3","1","5","1","2","2","2","5","3","2","3","1","2","5","5","100","1","","4"
"10/7/2019 5:20","10/7/2019 5:20","2","","100","0","1","10/7/2019 5:20","R_eKe8SRNwSGqACep","","","","","38.7174072265625","-9.1320953369140625","test","","2","2","3","1","2","2","5","4","1","5","4","1","2","3","3","2","4","5","2","4","5","2","3","4","2","2","4","3","4","3","4","2","6","4","2","7","4","5","7","1","5","5","1","5","4","3","4","5","1","7","1","1","1","2","1","2","3","5","3","2","1","5","5","3","5","4","35","2","","4"
"10/7/2019 5:20","10/7/2019 5:20","2","","100","0","1","10/7/2019 5:20","R_aXXcuUSFa2gMei1","","","","","38.7174072265625","-9.1320953369140625","test","","2","4","2","4","5","2","3","1","4","3","38","2","2","1","4","5","4","5","4","1","2","4","4","1","4","3","1","1","4","1","2","5","6","7","5","2","2","1","1","2","7","1","4","1","4","1","3","1","7","2","7","2","2","5","2","1","1","2","4","2","4","1","3","1","3","2","21","1","","4"
"10/7/2019 5:20","10/7/2019 5:20","2","","100","0","1","10/7/2019 5:20","R_3ylpelvnn4vw5tb","","","","","38.7174072265625","-9.1320953369140625","test","","4","4","2","5","3","3","1","3","3","4","45","4","5","3","4","3","2","4","3","3","4","3","1","2","1","1","4","1","2","4","4","5","6","3","6","6","5","4","2","7","4","6","5","5","1","4","7","2","4","2","2","4","1","5","4","3","5","1","5","5","5","3","1","2","4","2","29","3","Felis rutrum ultrices id sagittis tempus atque sagittis quam, per scelerisque accumsan risus.","2"
"10/7/2019 5:20","10/7/2019 5:20","2","","100","0","1","10/7/2019 5:20","R_2lx3BfhT9a5Znr7","","","","","38.7174072265625","-9.1320953369140625","test","","5","5","4","3","3","3","3","3","1","1","36","2","5","1","2","1","3","3","3","1","4","4","2","2","1","1","4","1","1","3","2","5","2","7","7","6","2","1","1","7","2","2","4","7","7","1","3","5","2","1","3","5","2","5","5","4","1","5","5","1","2","1","4","2","1","2","73","1","","2"
"10/7/2019 5:20","10/7/2019 5:20","2","","100","0","1","10/7/2019 5:20","R_bdeg4enVEcLQl93","","","","","38.7174072265625","-9.1320953369140625","test","","5","1","1","3","4","2","5","4","1","2","7","4","4","5","4","3","2","2","1","3","4","4","3","3","3","4","4","4","3","1","1","4","3","4","1","7","5","2","6","1","7","3","4","6","6","6","7","7","2","5","5","4","1","4","4","5","4","2","2","2","1","1","4","4","2","4","24","1","","2"
"10/7/2019 5:20","10/7/2019 5:20","2","","100","0","1","10/7/2019 5:20","R_0JMUv17gweml9Mp","","","","","38.7174072265625","-9.1320953369140625","test","","4","1","4","2","3","4","5","4","1","1","42","2","3","2","2","5","4","2","4","2","2","1","2","4","4","2","3","2","1","3","2","1","5","6","6","7","1","2","3","7","3","2","3","1","3","1","2","4","7","3","4","4","3","3","3","5","4","2","1","5","4","4","3","1","2","1","34","2","","3"
"10/7/2019 5:20","10/7/2019 5:20","2","","100","0","1","10/7/2019 5:20","R_0HZHh0eWZPFCyW1","","","","","38.7174072265625","-9.1320953369140625","test","","1","1","5","3","1","3","4","3","4","1","91","4","4","5","1","2","1","1","4","4","3","2","4","3","4","3","4","1","2","3","4","7","2","4","4","2","1","3","1","6","3","1","5","3","5","2","4","1","1","3","6","4","4","4","3","4","4","2","5","3","5","5","5","2","1","1","40","3","Nonummy tellus integer? Ante nunc, pede eleifend faucibus! At volutpat phasellus justo.","4"
"10/7/2019 5:20","10/7/2019 5:20","2","","100","0","1","10/7/2019 5:20","R_03s1EkrkTHw16mh","","","","","38.7174072265625","-9.1320953369140625","test","","1","2","2","5","4","2","5","1","2","1","89","2","2","5","2","3","1","4","5","4","1","1","4","2","2","1","1","1","4","3","2","7","3","3","7","5","6","7","4","7","6","4","2","3","4","3","7","7","6","4","7","3","3","4","4","3","5","5","1","3","3","2","2","2","3","2","90","1","","4"
"10/7/2019 5:20","10/7/2019 5:20","2","","100","0","1","10/7/2019 5:20","R_2awClfhaj600Vgh","","","","","38.7174072265625","-9.1320953369140625","test","","1","2","4","4","5","4","3","2","1","1","84","5","2","5","4","3","4","1","4","4","2","3","1","3","4","2","3","4","2","4","1","5","7","2","3","3","2","5","6","2","4","2","5","7","6","2","6","6","1","5","2","2","5","3","3","1","1","1","3","3","5","3","5","4","1","2","2","2","","3"
"10/7/2019 5:20","10/7/2019 5:20","2","","100","0","1","10/7/2019 5:20","R_egKRDcVDQmxJRHL","","","","","38.7174072265625","-9.1320953369140625","test","","2","3","2","2","4","1","4","4","5","4","43","5","4","3","3","2","4","4","4","4","2","3","1","1","1","3","4","1","2","1","2","5","7","7","3","6","6","2","6","2","6","5","7","2","1","1","3","7","4","2","1","2","1","1","5","5","4","3","5","1","2","2","4","4","1","2","98","1","","3"
"10/7/2019 5:20","10/7/2019 5:20","2","","100","0","1","10/7/2019 5:20","R_a8VF0Qvm614WNhz","","","","","38.7174072265625","-9.1320953369140625","test","","4","2","4","5","3","1","5","4","2","5","42","2","3","3","1","3","2","2","5","3","1","3","4","4","1","1","3","4","4","4","2","3","6","6","6","6","3","4","1","3","2","1","5","4","4","6","3","6","6","5","6","2","4","3","4","2","5","1","5","2","3","5","4","5","4","5","56","3","Duis, accusamus aliquet dictumst platea molestie leo. Volutpat id risus! Mauris vulputate egestas lorem dapibus.","4"
"10/7/2019 5:20","10/7/2019 5:20","2","","100","0","1","10/7/2019 5:20","R_2ohLaeUcihW6JhP","","","","","38.7174072265625","-9.1320953369140625","test","","4","2","4","5","4","2","1","3","3","1","22","5","1","4","4","2","2","3","1","1","1","4","2","4","3","4","3","3","2","3","3","1","3","4","6","3","7","1","6","2","2","6","5","1","1","4","1","1","2","7","5","5","5","3","4","2","3","2","2","4","5","3","5","5","5","2","43","3","Potenti fringilla! Nulla vestibulum culpa dolorem lectus porta sit placerat turpis ab temporibus. Imperdiet.","3"
"10/7/2019 5:20","10/7/2019 5:20","2","","100","0","1","10/7/2019 5:20","R_2aQZ8YwJG6rZZMV","","","","","38.7174072265625","-9.1320953369140625","test","","3","1","3","2","4","1","3","1","3","1","0","3","1","2","1","5","3","2","1","5","3","4","1","2","1","1","2","3","3","4","3","7","4","5","5","2","1","1","2","4","6","1","2","5","2","7","5","5","7","4","6","4","1","5","4","3","2","5","1","3","1","2","5","4","2","4","0","1","","3"
"10/7/2019 5:20","10/7/2019 5:20","2","","100","0","1","10/7/2019 5:20","R_3Ld2TcAS5ezvEqN","","","","","38.7174072265625","-9.1320953369140625","test","","2","3","1","2","2","1","4","4","1","2","37","4","4","3","3","4","3","1","2","2","4","3","4","1","1","4","4","1","1","3","3","5","3","1","4","4","1","1","3","6","2","6","5","5","6","7","2","2","2","5","2","4","3","5","4","2","2","4","4","3","2","4","4","3","2","4","59","2","","1"
"10/7/2019 5:20","10/7/2019 5:20","2","","100","0","1","10/7/2019 5:20","R_5hCBKSIett395Kl","","","","","38.7174072265625","-9.1320953369140625","test","","1","4","2","3","3","2","3","5","3","5","63","2","2","4","2","1","5","4","4","2","3","2","2","1","4","1","3","4","2","4","1","7","1","4","7","7","1","1","6","3","1","3","4","6","3","7","4","5","4","7","1","3","3","1","5","2","4","1","1","4","3","3","5","5","4","3","2","2","","2"
"10/7/2019 5:20","10/7/2019 5:20","2","","100","0","1","10/7/2019 5:20","R_abgF1KOltRBp70h","","","","","38.7174072265625","-9.1320953369140625","test","","2","5","5","2","4","4","2","5","1","3","9","3","1","4","5","2","4","2","3","4","4","2","3","2","1","1","1","1","1","3","1","7","4","7","7","3","7","7","7","3","1","7","1","1","6","6","5","2","1","5","3","1","5","2","1","1","3","1","5","2","5","1","2","4","4","4","62","3","Sagittis maecenas donec accusamus tellus mattis potenti risus integer tempor phasellus in.","4"
"10/7/2019 5:20","10/7/2019 5:20","2","","100","0","1","10/7/2019 5:20","R_a8LGTURqd7qSxoN","","","","","38.7174072265625","-9.1320953369140625","test","","5","5","3","5","5","2","1","4","4","5","66","4","1","4","3","4","5","2","1","1","4","1","1","1","3","4","1","4","3","2","2","7","5","3","7","6","3","5","1","1","2","2","4","1","1","3","6","1","3","1","2","5","5","2","5","2","5","2","4","4","5","1","2","3","5","3","97","1","","1"
"10/7/2019 5:20","10/7/2019 5:20","2","","100","0","1","10/7/2019 5:20","R_dpzDI7DySZiZV7D","","","","","38.7174072265625","-9.1320953369140625","test","","2","4","1","1","5","2","4","3","5","3","89","5","1","5","5","4","1","1","4","5","2","1","4","2","3","4","1","4","4","1","4","3","2","6","1","1","3","2","1","4","6","2","3","6","1","3","6","4","1","2","7","1","1","2","5","1","4","3","2","3","1","5","4","4","5","5","6","1","","3"
"10/7/2019 5:20","10/7/2019 5:20","2","","100","0","1","10/7/2019 5:20","R_bQ3SYWqEcAUy03H","","","","","38.7174072265625","-9.1320953369140625","test","","3","5","3","3","3","1","3","1","4","5","45","4","1","5","5","2","5","5","5","5","5","1","4","4","1","1","4","4","4","3","3","7","3","7","3","5","4","6","7","7","1","5","6","5","1","1","4","3","4","2","3","3","5","5","4","2","1","3","5","1","3","1","5","5","2","2","95","1","","4"
"10/7/2019 5:20","10/7/2019 5:20","2","","100","0","1","10/7/2019 5:20","R_7R3jFjGopnjHtFX","","","","","38.7174072265625","-9.1320953369140625","test","","4","2","1","2","3","4","2","1","1","3","96","1","3","2","1","3","3","1","2","1","3","4","2","2","1","3","1","4","1","2","1","3","7","5","2","6","7","5","4","3","1","5","1","5","5","7","3","5","5","5","6","4","4","5","5","4","3","1","5","5","4","2","5","3","3","2","27","3","Est proin vivamus dapibus purus, vestibulum eu curabitur magnis lectus sem eu ultrices. Urna.","1"
"10/7/2019 5:20","10/7/2019 5:20","2","","100","0","1","10/7/2019 5:20","R_1MTFE5kTCM18Tpr","","","","","38.7174072265625","-9.1320953369140625","test","","4","1","3","2","4","4","1","5","1","3","2","2","2","1","2","1","1","3","1","2","1","1","2","3","1","3","1","4","3","2","4","7","4","1","1","4","3","6","2","3","3","7","2","1","1","3","4","7","3","3","3","4","5","1","5","1","1","2","3","1","1","3","4","1","5","2","16","3","Natoque luctus suspendisse ultricies? Commodo pharetra molestie massa tincidunt imperdiet tempora.","3"
"10/7/2019 5:20","10/7/2019 5:20","2","","100","0","1","10/7/2019 5:20","R_6RqYHg284KGkdKZ","","","","","38.7174072265625","-9.1320953369140625","test","","1","2","5","5","4","3","4","5","2","5","15","2","2","4","4","3","1","1","3","3","2","1","1","2","3","4","1","3","4","3","2","4","3","7","7","2","4","1","6","1","4","2","2","4","6","3","1","3","5","3","1","3","1","1","5","2","1","5","4","3","4","4","4","3","4","4","57","3","Leo felis! Iaculis eros fringilla fusce. Eu urna! Porta morbi proin odio tortor.","1"
"10/7/2019 5:20","10/7/2019 5:20","2","","100","0","1","10/7/2019 5:20","R_esu92Ul3i7yztC5","","","","","38.7174072265625","-9.1320953369140625","test","","5","3","1","3","1","2","2","4","3","5","97","3","4","1","2","1","2","2","4","3","2","3","4","1","3","4","1","4","2","2","1","2","1","1","7","3","5","7","3","4","2","1","6","4","1","5","5","6","6","4","5","2","3","2","1","5","5","1","4","4","3","2","2","2","1","2","83","2","","1"
"10/7/2019 5:20","10/7/2019 5:20","2","","100","0","1","10/7/2019 5:20","R_8kLLlx2Hvot4p6d","","","","","38.7174072265625","-9.1320953369140625","test","","3","4","2","5","1","4","3","1","3","1","47","2","3","3","1","4","3","5","4","3","1","1","1","1","3","2","4","1","3","2","3","2","6","7","6","5","5","1","3","1","3","5","5","6","3","5","6","4","2","3","3","4","2","2","3","3","5","5","5","2","5","3","1","3","3","4","11","2","","1"
"10/7/2019 5:20","10/7/2019 5:20","2","","100","0","1","10/7/2019 5:20","R_1yTXq6DrYt0yJhP","","","","","38.7174072265625","-9.1320953369140625","test","","5","4","1","5","1","5","2","2","3","2","59","3","1","2","5","5","5","4","5","4","5","3","3","1","3","2","1","3","1","3","2","6","4","6","5","7","2","5","4","5","7","4","5","5","6","2","2","3","2","3","7","2","1","2","2","4","3","1","2","4","5","5","3","4","4","3","23","1","","4"
"10/7/2019 5:20","10/7/2019 5:20","2","","100","0","1","10/7/2019 5:20","R_5btyimtjcNfpa0B","","","","","38.7174072265625","-9.1320953369140625","test","","4","3","5","2","1","5","2","3","5","3","59","1","4","4","2","2","4","1","3","4","5","1","4","4","1","4","2","4","4","2","1","7","4","4","4","2","4","4","1","3","4","1","7","6","6","6","4","1","6","4","6","1","2","5","2","4","4","3","4","5","5","4","5","4","3","4","82","3","Ipsum pede dignissim curabitur pede dolor in placerat montes magnis quam.","4"
"10/7/2019 5:20","10/7/2019 5:20","2","","100","0","1","10/7/2019 5:20","R_3kk9h9WEwHiOud7","","","","","38.7174072265625","-9.1320953369140625","test","","1","5","3","1","4","1","1","2","1","1","40","3","1","4","5","4","3","5","4","4","2","1","3","4","1","1","3","2","2","2","2","6","4","7","1","1","4","2","6","5","1","2","3","7","1","1","1","5","7","5","7","2","2","5","3","1","4","2","2","2","2","1","2","4","4","3","7","3","Mattis duis. Amet. Luctus imperdiet convallis? Molestie! Potenti arcu vehicula vitae, magna suscipit? Nulla.","4"
"10/7/2019 5:20","10/7/2019 5:20","2","","100","0","1","10/7/2019 5:20","R_9oWLFqS7DBQD5gV","","","","","38.7174072265625","-9.1320953369140625","test","","2","1","1","1","1","2","4","5","1","4","30","3","5","5","3","4","1","5","4","3","3","3","1","3","3","3","2","1","3","3","1","3","2","4","5","6","4","5","1","2","1","2","7","3","7","4","6","1","4","2","4","4","3","3","5","2","5","4","3","2","1","3","3","2","3","4","6","2","","3"
"10/7/2019 5:20","10/7/2019 5:20","2","","100","0","1","10/7/2019 5:20","R_byDJius8mNLx5ad","","","","","38.7174072265625","-9.1320953369140625","test","","3","2","3","2","1","3","1","5","5","5","80","1","2","1","2","4","1","4","3","4","5","3","4","1","3","4","4","2","1","4","2","6","1","4","4","5","5","6","7","7","6","6","3","3","6","1","5","1","7","3","5","3","5","4","2","3","4","3","1","3","1","4","3","3","1","2","28","1","","3"
"10/7/2019 5:20","10/7/2019 5:20","2","","100","0","1","10/7/2019 5:20","R_0fk4EKz6dxI2fAh","","","","","38.7174072265625","-9.1320953369140625","test","","4","2","3","1","1","3","3","3","4","2","57","3","5","5","4","2","1","5","2","1","2","1","3","1","4","4","3","2","1","3","1","2","1","4","3","7","3","3","2","2","7","5","2","2","7","5","3","3","2","2","1","3","4","4","4","3","3","1","1","1","2","3","3","1","4","2","40","3","Duis. Maecenas auctor wisi sollicitudin? Sem. Blandit posuere. Potenti commodo mauris. Augue amet lorem praesent.","2"
"10/7/2019 5:20","10/7/2019 5:20","2","","100","0","1","10/7/2019 5:20","R_b49KuI9n0Wodjpz","","","","","38.7174072265625","-9.1320953369140625","test","","4","1","3","4","2","2","5","3","2","4","76","2","1","5","2","5","5","1","1","4","4","4","3","2","1","4","3","4","3","3","3","4","1","3","2","5","5","3","2","2","2","3","2","3","5","6","1","6","3","5","7","1","1","1","5","3","1","3","4","4","5","5","3","4","3","5","85","3","Vulputate et wisi rhoncus non natoque porttitor dui suscipit interdum.","3"
"10/7/2019 5:20","10/7/2019 5:20","2","","100","0","1","10/7/2019 5:20","R_6rOdnh7YImZuhH7","","","","","38.7174072265625","-9.1320953369140625","test","","3","2","4","5","1","1","2","4","1","4","18","2","2","4","1","3","4","2","4","1","3","4","4","1","1","3","1","1","1","4","3","5","5","1","7","5","5","5","4","4","4","7","1","1","5","5","2","2","6","2","5","2","3","2","3","1","3","2","3","3","1","4","4","1","3","1","68","3","Ac? Enim consectetuer convallis, faucibus elementum felis integer turpis platea.","4"
"10/7/2019 5:20","10/7/2019 5:20","2","","100","0","1","10/7/2019 5:20","R_dcAmVBjm9OWsbwF","","","","","38.7174072265625","-9.1320953369140625","test","","3","3","5","1","1","1","2","1","1","2","78","2","2","4","5","5","2","4","3","2","4","3","4","2","4","3","1","4","3","1","1","1","6","4","4","1","7","4","4","3","4","2","3","3","6","5","7","5","5","4","4","3","1","3","4","4","4","1","4","2","4","2","5","2","5","4","88","2","","3"
"10/7/2019 5:20","10/7/2019 5:20","2","","100","0","1","10/7/2019 5:20","R_8oydrnJUNLvlhAN","","","","","38.7174072265625","-9.1320953369140625","test","","4","3","3","3","1","2","1","3","5","1","81","4","5","2","1","4","4","2","1","3","2","4","4","2","1","3","4","2","3","1","4","2","4","5","6","2","2","6","3","1","5","3","4","7","3","3","1","2","7","1","5","5","2","4","5","5","2","2","5","2","2","1","1","2","2","2","79","3","Laoreet enim massa. Eleifend vivamus? Imperdiet augue dapibus! Nec. Ab gravida dignissim tincidunt.","2"
"10/7/2019 5:20","10/7/2019 5:20","2","","100","0","1","10/7/2019 5:20","R_6nWHNpBbRM3pwpv","","","","","38.7174072265625","-9.1320953369140625","test","","3","2","3","1","4","1","4","4","2","4","84","5","5","3","1","4","1","5","5","2","5","2","2","4","4","2","4","2","1","1","4","3","1","5","7","7","3","2","6","4","3","1","6","7","6","4","2","6","4","7","1","1","5","4","3","5","1","2","2","1","1","3","3","3","2","1","17","2","","2"
"10/7/2019 5:20","10/7/2019 5:20","2","","100","0","1","10/7/2019 5:20","R_blbBNKF8RMHljtX","","","","","38.7174072265625","-9.1320953369140625","test","","4","1","5","3","5","1","4","4","5","3","77","1","1","4","5","1","1","3","3","5","3","1","4","3","1","2","2","2","2","4","1","7","7","5","5","4","3","1","7","5","5","1","6","4","6","5","7","6","1","2","5","3","5","5","5","1","4","1","4","1","4","5","5","2","5","3","97","3","Nulla! Porta ac lacus donec montes? Porta, augue rhoncus mattis eu nibh. Egestas phasellus, tempus.","1"
"10/7/2019 5:20","10/7/2019 5:20","2","","100","0","1","10/7/2019 5:20","R_3lYOmoSh6bPfWDz","","","","","38.7174072265625","-9.1320953369140625","test","","4","1","5","5","2","3","1","4","1","5","20","2","1","1","2","4","5","5","3","2","1","3","1","3","3","3","3","4","4","4","4","6","7","3","3","1","2","2","6","3","1","5","4","2","1","5","2","1","1","4","1","4","2","4","1","5","1","2","4","1","2","4","4","5","4","2","75","2","","4"
"10/7/2019 5:20","10/7/2019 5:20","2","","100","0","1","10/7/2019 5:20","R_0Godu6LdqdX2PkN","","","","","38.7174072265625","-9.1320953369140625","test","","3","1","3","3","5","2","3","4","5","5","73","2","2","4","4","2","5","3","5","2","5","3","2","1","4","3","3","4","1","4","3","3","1","6","4","1","5","2","2","3","4","3","3","4","5","1","4","4","3","2","7","1","5","1","2","4","1","3","3","1","5","1","5","3","3","4","7","2","","2"
"10/7/2019 5:20","10/7/2019 5:20","2","","100","0","1","10/7/2019 5:20","R_bOEpzucAWLb15Pv","","","","","38.7174072265625","-9.1320953369140625","test","","2","4","1","1","4","5","4","4","5","1","45","2","4","3","1","3","1","5","4","5","3","2","2","2","1","4","3","1","1","2","4","1","2","5","6","2","6","6","1","6","2","7","7","7","3","6","5","2","7","2","3","5","4","5","1","4","2","1","4","1","4","3","3","1","4","3","23","1","","4"
"10/7/2019 5:20","10/7/2019 5:20","2","","100","0","1","10/7/2019 5:20","R_8cUxDe1uTAEHyol","","","","","38.7174072265625","-9.1320953369140625","test","","3","2","4","1","2","2","1","3","1","4","22","4","4","3","2","5","2","1","3","5","2","1","3","3","3","3","2","1","3","4","3","5","5","3","4","1","2","3","6","2","7","5","3","7","7","2","3","4","7","2","5","1","2","4","5","5","5","2","5","3","1","2","1","1","2","4","85","3","Dolor id odio nunc. Dapibus posuere aliquet maecenas, culpa fusce dapibus. Sit a.","1"
"10/7/2019 5:20","10/7/2019 5:20","2","","100","0","1","10/7/2019 5:20","R_bjFXsQtH5OkIocJ","","","","","38.7174072265625","-9.1320953369140625","test","","2","4","2","2","3","5","5","3","3","2","28","1","4","4","1","5","1","2","5","1","4","1","1","1","1","1","3","1","4","2","3","5","6","7","1","1","2","3","7","2","5","6","1","1","4","2","7","1","4","5","4","5","2","3","3","3","4","1","4","3","1","3","2","5","1","1","45","2","","1"
"10/7/2019 5:20","10/7/2019 5:20","2","","100","1","1","10/7/2019 5:20","R_6KCYvz8Coq4QF7v","","","","","38.7174072265625","-9.1320953369140625","test","","4","1","3","4","3","1","1","4","4","2","13","5","2","5","2","3","2","5","3","2","5","3","4","2","1","3","2","1","2","1","4","7","3","7","2","2","4","4","4","4","4","6","5","3","5","1","7","1","6","3","1","1","1","4","2","3","1","3","5","1","4","3","3","3","1","2","28","2","","1"
"10/7/2019 5:20","10/7/2019 5:20","2","","100","0","1","10/7/2019 5:20","R_0VutOjfBL7pbv37","","","","","38.7174072265625","-9.1320953369140625","test","","2","1","3","1","4","5","3","5","2","1","59","1","5","5","5","4","3","2","2","5","5","4","1","3","1","1","3","2","2","4","1","3","2","1","3","4","4","2","4","2","2","7","6","6","6","2","6","4","4","4","5","3","3","4","4","5","3","3","5","2","5","3","4","4","3","2","14","3","Id ac. Integer luctus rhoncus facilisi ridiculus imperdiet! Quis elit rhoncus? Morbi fermentum, in.","3"
"10/7/2019 5:20","10/7/2019 5:20","2","","100","0","1","10/7/2019 5:20","R_dnTrb4Te04hnVBz","","","","","38.7174072265625","-9.1320953369140625","test","","1","2","1","1","2","4","4","1","2","2","53","1","2","4","2","3","2","2","2","3","4","1","1","3","1","2","3","1","4","2","1","2","3","4","2","7","7","1","1","2","5","7","1","6","5","2","6","6","4","5","6","4","4","3","3","4","1","2","5","4","1","3","4","3","4","5","50","3","Porttitor posuere sapien blandit? Facilisi vel odio dignissim mi quis integer, est ligula platea. Vulputate.","4"
"10/7/2019 5:20","10/7/2019 5:20","2","","100","0","1","10/7/2019 5:20","R_3DUpblMdJSZ88Wp","","","","","38.7174072265625","-9.1320953369140625","test","","5","3","2","2","2","4","2","1","1","1","65","4","4","1","4","5","1","4","3","4","4","4","2","4","4","2","4","2","3","1","4","3","2","1","3","6","6","7","5","3","5","4","1","6","4","1","7","4","7","1","3","2","2","4","1","3","5","1","5","5","2","3","4","1","5","1","23","2","","3"
"10/7/2019 5:20","10/7/2019 5:20","2","","100","0","1","10/7/2019 5:20","R_4JfGDwdRMzNl217","","","","","38.7174072265625","-9.1320953369140625","test","","1","4","4","1","5","1","1","4","2","1","22","4","2","1","3","3","3","3","3","2","5","3","2","2","1","3","3","1","2","2","2","3","5","4","5","5","3","4","5","7","1","5","1","3","5","5","5","3","5","7","1","2","5","1","4","4","5","5","3","2","3","4","1","5","2","3","6","1","","2"
"10/7/2019 5:20","10/7/2019 5:20","2","","100","0","1","10/7/2019 5:20","R_2tMJMfpbv3ik69L","","","","","38.7174072265625","-9.1320953369140625","test","","3","1","3","5","5","1","3","5","3","4","0","3","4","1","4","1","2","3","4","5","1","2","4","2","1","1","3","4","4","4","3","4","4","3","4","3","7","4","7","4","7","2","1","1","5","2","6","1","5","4","2","4","1","5","2","3","5","4","1","2","2","4","2","5","2","2","38","2","","1"
"10/7/2019 5:20","10/7/2019 5:20","2","","100","0","1","10/7/2019 5:20","R_5d4fUilMj5W0yY5","","","","","38.7174072265625","-9.1320953369140625","test","","2","2","3","3","2","4","3","5","3","3","63","2","1","3","2","3","2","4","3","5","5","3","4","3","4","1","2","2","4","4","2","1","4","2","6","2","5","3","5","6","6","4","2","1","1","2","2","3","6","1","4","3","4","3","3","5","4","5","3","1","4","1","3","4","2","4","13","1","","2"
"10/7/2019 5:20","10/7/2019 5:20","2","","100","0","1","10/7/2019 5:20","R_6WFKuUdksMiebVH","","","","","38.7174072265625","-9.1320953369140625","test","","5","2","4","1","1","2","1","5","2","4","67","5","2","1","4","4","5","5","4","5","1","1","3","1","3","1","2","1","1","2","4","6","6","7","7","7","2","1","7","2","3","3","4","2","2","3","2","3","3","7","7","2","1","3","5","1","5","5","5","3","2","4","2","4","2","5","11","1","","1"
"10/7/2019 5:20","10/7/2019 5:20","2","","100","0","1","10/7/2019 5:20","R_7NCNLzjnZW5Zsah","","","","","38.7174072265625","-9.1320953369140625","test","","3","3","3","2","1","4","3","3","4","4","32","2","5","5","2","4","4","3","4","5","4","3","1","3","4","4","2","2","1","4","4","6","3","6","4","2","2","4","6","4","2","4","2","5","4","6","7","6","1","4","3","4","5","2","3","4","5","4","4","1","1","5","2","2","1","3","88","2","","3"
"10/7/2019 5:20","10/7/2019 5:20","2","","100","0","1","10/7/2019 5:20","R_0cCnceaK2NUWma1","","","","","38.7174072265625","-9.1320953369140625","test","","2","3","4","3","3","4","1","5","3","1","95","5","4","3","3","5","4","2","3","4","3","3","1","3","4","3","3","3","4","4","3","6","7","1","7","2","4","3","2","6","2","5","4","2","3","1","5","7","1","7","5","3","2","2","4","3","5","4","4","2","5","2","5","4","3","1","91","3","Erat! Nibh est. Fermentum natoque risus aliquet accumsan morbi felis, nunc fermentum vestibulum proin dapibus.","1"
"10/7/2019 5:20","10/7/2019 5:20","2","","100","0","1","10/7/2019 5:20","R_9YMAMM9AtXb0JHD","","","","","38.7174072265625","-9.1320953369140625","test","","5","1","3","4","2","3","5","3","5","4","83","1","3","5","3","3","3","5","2","4","4","4","2","2","2","4","2","4","3","3","2","2","2","6","1","1","2","5","1","3","5","5","6","1","3","1","3","7","7","3","3","4","2","3","3","1","3","5","1","4","3","2","1","2","4","4","47","3","Eu et tempus! Ultrices pretium ipsum pede amet augue justo atque fusce facilisi morbi purus.","3"
"10/7/2019 5:20","10/7/2019 5:20","2","","100","0","1","10/7/2019 5:20","R_9G2dU1GXZJOYTHL","","","","","38.7174072265625","-9.1320953369140625","test","","3","3","3","1","5","4","1","4","2","3","89","3","3","3","1","3","1","2","3","5","3","1","1","2","1","4","2","4","2","1","2","6","3","4","4","6","6","2","3","2","2","5","4","5","5","7","7","5","4","4","1","2","5","2","2","5","5","1","3","2","4","3","3","1","3","2","38","1","","4"
"10/7/2019 5:20","10/7/2019 5:20","2","","100","0","1","10/7/2019 5:20","R_ewFtb7xvL8iM3J3","","","","","38.7174072265625","-9.1320953369140625","test","","2","2","1","1","2","2","2","1","3","1","42","1","1","2","1","1","4","2","2","4","3","2","4","1","2","2","1","4","2","1","1","1","2","2","6","5","4","2","7","7","1","5","1","6","2","6","2","2","5","6","4","2","2","2","4","5","3","3","4","2","3","4","4","2","5","4","79","3","Eu. Accusamus per non, massa primis cursus nullam leo wisi? Velit at. Ut.","4"
"10/7/2019 5:20","10/7/2019 5:20","2","","100","0","1","10/7/2019 5:20","R_08IAJ1DCLMRGNq5","","","","","38.7174072265625","-9.1320953369140625","test","","5","2","2","1","1","2","4","3","3","5","40","5","3","2","2","2","5","3","5","1","5","4","4","1","2","1","2","2","3","4","2","7","5","6","4","5","4","5","3","4","6","6","3","6","1","3","4","2","7","1","7","2","1","4","3","4","2","5","5","2","4","4","3","2","1","2","70","3","Sagittis wisi aliquet. Gravida lectus posuere laoreet posuere pellentesque ipsum dolorem.","4"
"10/7/2019 5:20","10/7/2019 5:20","2","","100","0","1","10/7/2019 5:20","R_4Uy3W7bw3bFVmdL","","","","","38.7174072265625","-9.1320953369140625","test","","1","2","1","1","1","3","5","2","2","1","62","4","3","1","3","5","4","4","1","1","2","1","4","1","3","4","4","1","1","1","1","4","3","7","4","3","7","1","2","2","3","4","2","4","7","3","1","6","7","5","1","4","1","5","1","4","4","1","3","2","3","1","2","5","4","1","45","1","","3"
"10/7/2019 5:20","10/7/2019 5:20","2","","100","0","1","10/7/2019 5:20","R_etZJe6wFcG9rEdn","","","","","38.7174072265625","-9.1320953369140625","test","","2","3","3","2","5","1","4","5","4","4","4","3","3","4","4","3","1","3","2","3","3","1","4","4","2","2","1","4","4","4","3","4","4","1","2","6","7","3","7","6","1","3","6","1","7","1","1","3","6","5","3","3","1","5","5","1","2","3","2","4","1","2","2","1","3","1","44","2","","2"
"10/7/2019 5:20","10/7/2019 5:20","2","","100","0","1","10/7/2019 5:20","R_etb3WWFu2XDnO4Z","","","","","38.7174072265625","-9.1320953369140625","test","","5","4","5","3","1","4","4","1","2","4","66","1","3","2","4","4","2","3","4","2","2","4","4","2","3","2","2","3","2","3","3","7","2","2","6","1","1","6","4","2","5","3","4","1","7","4","4","4","6","4","5","4","4","5","5","2","1","1","3","5","3","5","4","1","4","4","28","2","","4"
"10/7/2019 5:20","10/7/2019 5:20","2","","100","0","1","10/7/2019 5:20","R_0Nze9cgOwf9zXX7","","","","","38.7174072265625","-9.1320953369140625","test","","4","3","5","1","3","4","4","4","3","2","41","4","2","3","3","3","5","3","5","3","4","2","2","1","1","2","1","2","1","3","1","1","2","7","6","2","1","2","5","7","4","3","4","1","5","5","6","5","6","1","7","5","4","3","5","5","2","5","5","2","3","1","5","2","5","1","83","1","","4"
"10/7/2019 5:20","10/7/2019 5:20","2","","100","0","1","10/7/2019 5:20","R_bekY5uJipbGBYvb","","","","","38.7174072265625","-9.1320953369140625","test","","3","5","3","3","5","5","2","3","2","5","93","1","4","5","5","5","1","1","3","1","3","1","3","2","2","3","3","2","4","1","1","5","5","4","2","1","3","2","3","5","5","3","3","6","6","7","7","5","6","3","5","1","3","5","2","1","2","5","4","3","3","5","1","2","3","5","20","1","","1"
"10/7/2019 5:20","10/7/2019 5:20","2","","100","0","1","10/7/2019 5:20","R_3vXByrKgqmyWnqt","","","","","38.7174072265625","-9.1320953369140625","test","","3","1","5","1","1","3","1","3","1","4","75","3","3","2","5","5","1","2","4","5","2","3","1","2","4","4","4","2","4","3","3","4","2","5","1","6","1","6","5","1","2","3","1","5","2","3","2","4","6","5","3","4","5","2","5","2","1","3","4","4","5","1","4","2","2","1","7","2","","1"
"10/7/2019 5:20","10/7/2019 5:20","2","","100","0","1","10/7/2019 5:20","R_0wAeSCAqDoDBOBf","","","","","38.7174072265625","-9.1320953369140625","test","","5","2","5","2","5","4","2","3","4","3","4","2","4","5","1","2","3","4","5","5","2","1","2","1","4","1","2","3","4","3","3","1","3","6","1","3","5","3","3","7","3","3","1","6","5","7","6","6","2","2","6","1","2","2","4","1","1","2","3","5","3","1","5","3","1","1","23","1","","3"
"10/7/2019 5:20","10/7/2019 5:20","2","","100","0","1","10/7/2019 5:20","R_ezf797CPGw6VO1T","","","","","38.7174072265625","-9.1320953369140625","test","","4","1","4","1","5","3","4","4","1","2","8","3","1","1","4","2","5","5","1","5","4","3","2","3","3","4","4","3","1","1","3","7","6","3","4","4","4","4","5","6","1","4","3","3","4","2","3","3","5","4","5","1","1","5","2","3","3","3","4","3","2","1","2","1","5","3","50","1","","2"
"10/7/2019 5:20","10/7/2019 5:20","2","","100","0","1","10/7/2019 5:20","R_8kzWVDBuFaTNSkZ","","","","","38.7174072265625","-9.1320953369140625","test","","3","2","2","3","4","5","3","5","2","3","10","1","4","4","4","4","3","5","5","3","2","4","1","3","1","4","4","3","3","1","1","5","3","5","7","7","7","7","7","6","5","4","3","7","7","3","7","3","7","5","4","1","1","3","1","3","5","3","4","3","1","4","2","3","3","1","62","3","At viverra et convallis eget metus tempus, eleifend wisi! Accumsan ante venenatis.","4"
"10/7/2019 5:20","10/7/2019 5:20","2","","100","0","1","10/7/2019 5:20","R_0HFhnZvBIVgeQgR","","","","","38.7174072265625","-9.1320953369140625","test","","3","5","3","5","3","1","4","4","4","3","74","2","2","3","2","5","5","1","4","1","2","4","3","1","2","3","2","3","1","1","2","6","2","5","2","4","1","5","3","7","5","7","2","6","1","1","4","5","2","5","7","4","3","3","3","2","2","2","2","3","5","1","4","3","5","5","0","2","","4"
"10/7/2019 5:20","10/7/2019 5:20","2","","100","0","1","10/7/2019 5:20","R_9n95Wdlq5TScBbT","","","","","38.7174072265625","-9.1320953369140625","test","","3","5","4","4","2","3","1","5","2","1","76","4","2","4","2","3","5","4","4","2","4","4","2","1","3","2","1","3","2","3","1","6","1","5","1","3","7","4","4","4","2","6","4","4","3","3","2","3","2","6","7","3","4","4","2","5","4","3","3","1","3","4","1","2","5","4","84","1","","4"
"10/7/2019 5:20","10/7/2019 5:20","2","","100","0","1","10/7/2019 5:20","R_51QyK7iCGqvU05L","","","","","38.7174072265625","-9.1320953369140625","test","","3","3","2","1","3","5","5","4","5","3","49","4","2","2","5","1","3","1","4","1","1","2","3","1","2","2","2","2","3","2","3","2","7","5","6","1","5","7","7","5","1","4","6","2","2","4","4","3","3","1","4","5","2","2","3","5","5","3","4","5","5","3","4","3","5","5","34","2","","1"
"10/7/2019 5:20","10/7/2019 5:20","2","","100","0","1","10/7/2019 5:20","R_00nKkNqRNWFNYXj","","","","","38.7174072265625","-9.1320953369140625","test","","4","5","1","2","2","2","1","4","4","5","47","4","5","2","5","3","2","5","1","3","2","3","2","3","1","2","1","1","2","1","3","5","6","2","4","1","7","4","6","4","2","3","1","6","4","2","5","6","6","7","5","4","4","2","1","3","4","4","3","4","3","5","4","4","3","5","22","2","","4"
"10/7/2019 5:20","10/7/2019 5:20","2","","100","0","1","10/7/2019 5:20","R_8v8vZXKQRmyXbsp","","","","","38.7174072265625","-9.1320953369140625","test","","2","5","2","1","1","4","5","5","2","1","33","5","3","1","3","2","1","3","5","1","3","3","2","1","1","2","4","4","3","2","2","3","6","1","7","7","2","7","4","2","1","6","4","7","6","5","7","3","5","6","4","3","4","1","4","3","4","5","5","3","1","3","1","2","2","3","98","1","","4"
"10/7/2019 5:20","10/7/2019 5:20","2","","100","0","1","10/7/2019 5:20","R_cBWpSvdbAtcqabP","","","","","38.7174072265625","-9.1320953369140625","test","","1","5","4","3","5","2","3","4","3","2","42","5","3","1","5","2","5","1","4","3","5","2","2","3","1","1","3","4","2","1","2","4","3","5","7","6","1","5","3","3","7","5","6","6","4","7","6","7","7","4","3","3","4","1","1","2","3","4","4","3","3","3","4","3","2","5","76","1","","4"
"10/7/2019 5:20","10/7/2019 5:20","2","","100","0","1","10/7/2019 5:20","R_bsdeKSpuqT3lg5T","","","","","38.7174072265625","-9.1320953369140625","test","","2","3","5","5","4","3","2","5","4","2","66","4","3","3","1","4","1","5","5","4","3","3","1","3","3","3","2","1","2","1","1","5","6","7","3","4","5","7","5","4","5","3","6","6","3","2","1","6","6","6","6","5","5","4","1","1","5","4","5","1","2","5","4","3","1","5","7","2","","3"
"10/7/2019 5:20","10/7/2019 5:20","2","","100","0","1","10/7/2019 5:20","R_dcBj0a4uzlecFHD","","","","","38.7174072265625","-9.1320953369140625","test","","2","3","3","3","5","3","2","2","5","3","78","5","4","2","5","5","5","3","4","5","1","4","3","3","1","2","1","1","2","4","4","1","1","2","4","1","5","5","7","2","7","2","3","7","4","2","7","2","5","4","3","4","5","5","4","5","1","2","4","5","2","2","5","4","3","5","20","1","","4"
"10/7/2019 5:20","10/7/2019 5:20","2","","100","0","1","10/7/2019 5:20","R_6QdXJBuHekbDDy5","","","","","38.7174072265625","-9.1320953369140625","test","","3","4","4","4","1","4","5","4","1","1","93","4","3","2","3","5","3","1","1","4","4","4","3","1","4","3","4","1","2","3","3","3","3","7","6","2","7","2","5","5","7","2","6","4","2","7","7","7","5","3","1","3","4","5","2","4","3","3","5","2","1","3","2","5","1","2","44","3","Id faucibus accusamus potenti. Lacus vel porttitor ultricies mauris bibendum! Blandit lacus.","1"
"10/7/2019 5:20","10/7/2019 5:20","2","","100","0","1","10/7/2019 5:20","R_2ahGs8B0sRVF8cB","","","","","38.7174072265625","-9.1320953369140625","test","","3","5","2","2","4","4","4","5","5","1","90","5","5","5","5","5","2","5","1","4","2","2","3","2","1","1","1","4","2","1","1","3","7","5","2","5","1","5","6","1","6","6","7","3","6","4","4","5","7","5","7","2","5","1","1","1","4","3","2","1","3","4","2","2","5","3","99","2","","1"
"10/7/2019 5:20","10/7/2019 5:20","2","","100","0","1","10/7/2019 5:20","R_0D5YaHgUmsP0AFD","","","","","38.7174072265625","-9.1320953369140625","test","","3","4","3","5","5","2","4","5","4","4","62","4","3","1","3","2","1","5","3","4","3","3","3","4","1","2","1","1","3","4","4","6","3","3","5","3","4","4","6","3","4","6","6","5","1","1","1","4","5","5","1","4","1","4","2","5","4","5","4","3","3","4","2","1","3","3","65","1","","4"
"10/7/2019 5:20","10/7/2019 5:20","2","","100","1","1","10/7/2019 5:20","R_dhEyPnE5z5ODDE1","","","","","38.7174072265625","-9.1320953369140625","test","","3","4","2","4","5","4","5","1","1","3","87","3","5","2","4","3","5","1","2","4","2","2","4","1","1","2","2","3","4","3","2","6","7","2","1","2","6","6","5","5","5","3","3","5","4","2","5","6","5","6","2","2","4","1","1","3","4","5","1","5","4","4","4","2","1","2","62","1","","2"
"10/7/2019 5:20","10/7/2019 5:20","2","","100","0","1","10/7/2019 5:20","R_3pA7PCYzbU0NQSV","","","","","38.7174072265625","-9.1320953369140625","test","","1","5","2","1","1","3","4","4","5","4","30","2","2","2","3","3","1","2","1","1","1","3","2","1","1","3","3","1","4","2","3","3","5","6","5","3","2","1","7","5","4","4","2","4","1","7","6","3","7","7","4","4","1","3","1","1","4","5","5","1","3","1","4","2","2","2","59","1","","2"
"10/7/2019 5:20","10/7/2019 5:20","2","","100","0","1","10/7/2019 5:20","R_8H29bJWQJOI3TSZ","","","","","38.7174072265625","-9.1320953369140625","test","","5","3","2","1","5","1","1","2","1","2","27","3","4","1","3","5","5","1","1","3","1","4","2","1","3","4","2","2","2","1","4","7","5","2","7","3","1","7","3","6","4","7","1","3","2","4","4","6","1","1","5","1","1","2","2","4","2","5","5","1","4","3","4","1","4","5","72","1","","3"
"10/7/2019 5:20","10/7/2019 5:20","2","","100","0","1","10/7/2019 5:20","R_cvxoQrNnywlQITz","","","","","38.7174072265625","-9.1320953369140625","test","","1","4","4","1","3","3","2","3","4","2","39","1","2","2","1","4","3","3","1","2","4","4","2","4","4","2","2","3","2","3","3","3","4","7","2","4","6","3","6","2","1","5","6","2","4","2","7","3","1","3","7","2","2","1","5","1","3","2","4","3","4","5","3","3","2","2","56","3","Cursus. Vulputate elementum. Quam vulputate ante nec. Aliquet molestie vivamus enim.","1"
"10/7/2019 5:20","10/7/2019 5:20","2","","100","0","1","10/7/2019 5:20","R_0kwzswNrVQsvNBj","","","","","38.7174072265625","-9.1320953369140625","test","","3","2","3","3","5","2","4","3","1","1","28","4","4","1","1","1","4","1","4","4","1","2","4","2","4","1","2","3","3","4","3","1","7","1","3","7","5","1","4","5","1","4","6","1","2","1","6","7","5","7","1","5","3","1","5","4","2","4","3","3","1","5","1","3","4","5","4","3","Tincidunt viverra? Elementum mauris! Mattis etiam eu fermentum cursus fermentum! Lorem platea vestibulum turpis facilisis.","2"
"10/7/2019 5:20","10/7/2019 5:20","2","","100","0","1","10/7/2019 5:20","R_5i5qpD2rTQi1u6h","","","","","38.7174072265625","-9.1320953369140625","test","","2","4","2","1","1","3","5","3","4","2","32","5","5","5","3","2","5","1","5","1","5","1","3","4","3","1","1","3","2","4","2","2","1","4","3","3","5","5","3","6","7","5","2","5","7","4","3","1","3","2","4","3","4","2","3","5","5","4","2","5","4","5","1","1","1","1","24","1","","4"
"10/7/2019 5:20","10/7/2019 5:20","2","","100","0","1","10/7/2019 5:20","R_ehDrh9FyIl0RSdv","","","","","38.7174072265625","-9.1320953369140625","test","","5","2","1","3","1","4","5","1","1","3","19","2","3","2","3","5","3","4","2","2","1","1","1","3","3","3","2","4","2","2","4","1","1","1","1","1","7","3","6","3","4","1","3","2","1","7","2","7","7","7","5","2","1","4","3","4","4","2","1","3","4","1","5","5","4","5","91","2","","2"
"10/7/2019 5:20","10/7/2019 5:20","2","","100","0","1","10/7/2019 5:20","R_8CYqbi7aqeaJyXb","","","","","38.7174072265625","-9.1320953369140625","test","","1","2","1","5","3","4","2","3","1","1","98","1","4","5","3","5","5","5","4","1","1","3","1","2","1","1","2","4","3","1","2","2","5","7","1","5","7","4","4","5","4","5","3","2","7","4","2","5","2","3","5","2","5","3","2","1","2","5","5","1","1","1","3","1","3","4","61","1","","3"
"10/7/2019 5:20","10/7/2019 5:20","2","","100","0","1","10/7/2019 5:20","R_bDeNRqTiQwh8XgV","","","","","38.7174072265625","-9.1320953369140625","test","","2","2","1","1","5","3","5","5","3","4","5","4","3","1","3","3","4","1","4","3","5","1","4","4","2","3","1","3","1","3","4","5","5","2","3","3","7","3","4","7","7","3","6","1","6","3","3","4","7","1","5","5","3","5","3","5","4","1","4","5","3","3","3","5","5","1","72","2","","1"
"10/7/2019 5:20","10/7/2019 5:20","2","","100","0","1","10/7/2019 5:20","R_0ApmUbW3t2QDDvL","","","","","38.7174072265625","-9.1320953369140625","test","","5","4","5","4","5","2","3","1","2","2","55","3","1","5","3","2","5","1","2","1","4","1","2","2","2","3","2","1","2","2","3","4","3","3","1","5","4","2","7","2","6","4","6","2","4","2","1","3","2","4","7","2","1","5","2","5","5","3","3","5","5","2","4","2","3","2","44","1","","3"
"10/7/2019 5:20","10/7/2019 5:20","2","","100","0","1","10/7/2019 5:20","R_4Me18s0amg8900t","","","","","38.7174072265625","-9.1320953369140625","test","","1","2","5","1","5","4","3","3","4","1","23","1","5","1","5","2","5","2","2","2","5","2","1","3","3","4","3","2","3","1","1","2","1","5","6","1","3","6","1","5","3","5","4","1","2","5","1","1","4","6","3","5","3","5","1","2","2","1","5","3","2","2","5","3","4","5","65","3","Dignissim risus? Magnis. Pellentesque volutpat platea. Ante laoreet fermentum tempora fusce odio. Lorem.","1"
"10/7/2019 5:20","10/7/2019 5:20","2","","100","0","1","10/7/2019 5:20","R_5108xQQrg3tRkhv","","","","","38.7174072265625","-9.1320953369140625","test","","2","4","4","5","3","1","5","2","2","1","41","4","1","5","3","1","1","5","3","2","1","3","3","2","3","4","1","3","2","1","3","4","7","5","5","1","6","1","7","5","2","1","3","1","2","3","5","4","7","4","2","3","3","3","5","5","5","2","3","5","3","5","4","3","1","3","37","1","","2"
"10/7/2019 5:20","10/7/2019 5:20","2","","100","0","1","10/7/2019 5:20","R_4TUTCJDCJ3HH4ax","","","","","38.7174072265625","-9.1320953369140625","test","","2","1","5","3","2","5","2","2","4","5","59","1","5","3","1","5","1","1","3","2","2","4","3","2","4","1","1","4","2","1","4","4","2","1","2","7","5","1","6","3","4","5","5","1","4","2","6","1","7","4","4","5","5","3","2","4","2","2","4","1","2","3","5","3","4","1","8","1","","4"
"10/7/2019 5:20","10/7/2019 5:20","2","","100","0","1","10/7/2019 5:20","R_0xIoKk0Jc2FPim1","","","","","38.7174072265625","-9.1320953369140625","test","","4","2","2","2","1","3","1","2","1","2","66","3","4","5","4","3","4","4","3","2","2","3","4","4","2","4","3","2","2","4","2","6","3","2","4","2","6","1","1","2","7","5","1","1","4","3","4","6","4","4","7","2","4","2","1","4","1","5","4","3","3","3","2","2","1","3","66","1","","1"
"10/7/2019 5:20","10/7/2019 5:20","2","","100","0","1","10/7/2019 5:20","R_55suLzt9pVrqicB","","","","","38.7174072265625","-9.1320953369140625","test","","5","1","4","1","2","3","3","1","5","2","82","4","2","3","3","5","1","2","1","3","2","1","4","2","1","4","1","1","3","1","4","7","7","2","7","7","2","2","1","6","1","3","1","5","3","4","4","3","6","1","3","1","3","3","1","4","2","5","1","2","2","2","5","3","5","5","40","3","Est tellus vitae arcu? Egestas? Morbi rhoncus velit. Placerat natoque malesuada? Dolor, magnis natoque risus.","1"
"10/7/2019 5:20","10/7/2019 5:20","2","","100","0","1","10/7/2019 5:20","R_eK9I95tj0KUeDe5","","","","","38.7174072265625","-9.1320953369140625","test","","1","2","5","4","2","4","1","1","2","5","60","2","1","5","5","2","2","5","2","5","5","4","3","3","4","2","2","1","4","4","1","2","6","3","7","6","7","6","6","4","2","5","7","6","5","5","1","2","1","4","2","3","5","2","4","1","5","1","4","3","4","2","5","1","2","3","51","1","","4"
"10/7/2019 5:20","10/7/2019 5:20","2","","100","0","1","10/7/2019 5:20","R_bPlYyffPiRttJk1","","","","","38.7174072265625","-9.1320953369140625","test","","1","2","4","1","4","2","4","1","4","3","68","1","2","4","2","5","2","2","4","2","5","3","2","3","1","1","4","4","4","4","1","1","6","3","1","4","6","4","2","5","2","4","5","6","1","4","7","3","1","7","4","1","3","2","2","1","3","1","3","4","3","1","2","4","3","4","35","3","Ligula id! Donec bibendum fringilla velit sit. Mi sapien lectus! Cursus mattis vehicula accumsan scelerisque.","1"
"10/7/2019 5:20","10/7/2019 5:20","2","","100","0","1","10/7/2019 5:20","R_eyRqeb1LB3UGlVz","","","","","38.7174072265625","-9.1320953369140625","test","","3","5","1","1","4","1","5","4","3","3","13","3","1","5","4","3","5","1","3","2","4","1","2","2","4","3","3","3","1","1","1","2","6","1","4","1","6","1","3","6","7","5","6","2","3","6","3","2","7","1","3","2","4","4","4","5","2","5","5","2","3","3","1","1","1","5","49","2","","2"
"10/7/2019 5:20","10/7/2019 5:20","2","","100","0","1","10/7/2019 5:20","R_6ytsdk2KV3dgHJj","","","","","38.7174072265625","-9.1320953369140625","test","","4","4","5","4","4","1","1","2","2","1","11","1","2","5","5","4","5","2","2","5","2","1","2","2","1","2","2","3","1","1","3","4","3","2","2","6","7","4","4","7","7","2","1","1","4","7","2","7","1","7","5","5","3","4","5","4","2","1","1","5","5","3","5","4","5","4","46","3","Mauris magna gravida massa sollicitudin sagittis eu. Pede velit laoreet etiam velit metus arcu pellentesque.","4"
"10/7/2019 5:20","10/7/2019 5:20","2","","100","0","1","10/7/2019 5:20","R_4MHhpwt0NEVcOLX","","","","","38.7174072265625","-9.1320953369140625","test","","2","4","2","3","5","3","3","2","2","5","72","1","3","2","1","3","1","1","2","4","4","1","3","3","4","3","4","2","2","3","1","5","3","7","6","2","5","3","4","2","4","7","1","5","2","2","1","4","2","6","2","3","2","2","5","4","2","1","4","4","2","2","3","3","2","4","94","2","","3"
"10/7/2019 5:20","10/7/2019 5:20","2","","100","0","1","10/7/2019 5:20","R_dogPq1M0kRx3oWh","","","","","38.7174072265625","-9.1320953369140625","test","","3","3","1","4","2","3","3","5","5","5","32","1","2","5","1","2","5","3","4","5","5","4","2","3","4","1","4","4","4","1","3","6","3","7","7","5","6","1","5","1","1","4","2","5","7","6","7","3","7","1","1","5","1","5","4","4","1","4","4","4","5","4","5","2","4","2","33","2","","3"
"10/7/2019 5:20","10/7/2019 5:20","2","","100","0","1","10/7/2019 5:20","R_3rwMm9PuXDsqn6R","","","","","38.7174072265625","-9.1320953369140625","test","","5","1","3","4","4","2","1","5","3","5","32","3","1","1","5","3","5","1","2","2","2","4","3","2","4","1","2","1","4","2","2","7","1","2","5","1","2","2","3","7","1","7","4","2","2","4","5","7","7","6","7","4","2","3","1","3","3","5","5","2","1","4","2","1","4","3","83","3","Elementum malesuada bibendum, urna massa sagittis ut nulla ligula? Orci urna, cursus.","1"
"10/7/2019 5:20","10/7/2019 5:20","2","","100","0","1","10/7/2019 5:20","R_8crs3ZFn1R5LSVT","","","","","38.7174072265625","-9.1320953369140625","test","","2","4","2","1","2","1","3","4","3","2","98","4","4","3","1","4","2","1","1","2","3","1","3","1","2","1","2","2","3","2","2","4","6","7","2","7","2","5","7","6","4","3","2","5","1","7","6","5","4","7","2","2","1","3","5","3","2","2","1","3","2","2","5","4","3","2","36","1","","1"
"10/7/2019 5:20","10/7/2019 5:20","2","","100","0","1","10/7/2019 5:20","R_9ZGC350b8z09siN","","","","","38.7174072265625","-9.1320953369140625","test","","3","1","1","5","4","5","1","2","5","1","77","4","5","5","5","1","4","4","5","5","1","3","2","4","1","4","4","1","1","1","1","5","5","1","7","2","6","6","1","6","1","1","2","5","4","3","6","6","3","2","2","2","2","2","1","3","5","3","1","2","1","3","1","3","1","5","70","3","Placerat tortor a porttitor molestie bibendum natoque phasellus! Praesent lacus faucibus.","4"
"10/7/2019 5:20","10/7/2019 5:20","2","","100","0","1","10/7/2019 5:20","R_1O0sAX2Brc12xU1","","","","","38.7174072265625","-9.1320953369140625","test","","1","1","1","5","5","4","3","4","2","4","58","1","2","1","4","2","4","4","3","1","4","2","4","4","3","3","3","4","4","1","1","2","2","2","7","2","3","5","2","6","3","4","3","5","6","6","6","5","2","2","1","2","2","1","5","1","5","5","1","5","1","1","1","2","3","1","68","1","","1"
"10/7/2019 5:20","10/7/2019 5:20","2","","100","0","1","10/7/2019 5:20","R_9oxJE1m7SEJU0w5","","","","","38.7174072265625","-9.1320953369140625","test","","1","1","1","5","2","2","1","4","4","4","84","4","1","4","4","5","2","2","2","3","3","4","1","3","4","1","4","2","4","1","4","3","5","7","1","6","6","6","2","6","3","1","2","3","6","1","1","6","2","1","5","4","3","2","2","3","1","3","1","1","2","1","5","3","1","5","93","3","Quam nec atque lectus ante iaculis purus vestibulum gravida culpa duis fermentum vulputate.","2"
"10/7/2019 5:20","10/7/2019 5:20","2","","100","0","1","10/7/2019 5:20","R_51nVMzkO6YbEsZL","","","","","38.7174072265625","-9.1320953369140625","test","","4","2","4","4","2","5","1","5","5","2","77","3","3","1","2","4","2","5","3","3","5","4","4","1","3","2","4","1","1","1","2","4","1","7","1","1","5","7","3","4","1","7","5","7","3","3","1","4","2","5","4","4","3","1","1","1","5","1","1","4","5","4","4","3","4","3","7","1","","3"
"10/7/2019 5:20","10/7/2019 5:20","2","","100","0","1","10/7/2019 5:20","R_6FsRhEeQWCXcAOp","","","","","38.7174072265625","-9.1320953369140625","test","","1","1","2","2","1","2","5","5","1","4","40","4","1","3","1","5","4","5","3","3","3","4","1","4","1","1","4","1","3","2","2","3","6","7","2","4","3","5","4","2","7","4","7","4","2","7","6","3","1","2","2","4","5","3","3","4","4","2","1","1","1","1","3","2","4","5","5","1","","3"
"10/7/2019 5:20","10/7/2019 5:20","2","","100","0","1","10/7/2019 5:20","R_6DJu7pTz7Gq1M21","","","","","38.7174072265625","-9.1320953369140625","test","","2","1","5","4","1","5","4","4","2","2","69","5","3","3","5","4","1","5","2","2","1","2","3","1","4","2","4","1","4","2","2","6","5","7","1","1","3","4","1","6","7","2","2","4","2","7","3","3","7","6","3","5","3","2","4","3","4","3","2","2","5","1","4","4","4","2","92","3","Leo, facilisi ullamcorper faucibus ultricies! Ab commodo. Vehicula. Ligula! Turpis bibendum posuere, morbi. Eleifend ante.","2"
"10/7/2019 5:20","10/7/2019 5:20","2","","100","0","1","10/7/2019 5:20","R_034SwoU9zi1czYh","","","","","38.7174072265625","-9.1320953369140625","test","","2","2","4","1","3","3","4","3","4","2","33","1","5","3","2","2","2","3","1","5","1","1","3","4","4","1","4","2","4","3","1","4","5","3","7","7","7","2","7","3","4","1","4","1","4","4","6","2","7","4","1","4","1","3","5","3","5","2","2","1","4","4","5","2","2","5","25","3","Iaculis etiam sem dignissim eros lacus suscipit pede quam eu. Accumsan. Elit.","4"
"10/7/2019 5:20","10/7/2019 5:20","2","","100","0","1","10/7/2019 5:20","R_cvAF5a8TseLkXMV","","","","","38.7174072265625","-9.1320953369140625","test","","1","4","1","4","1","3","4","2","4","1","58","3","1","5","1","3","4","1","1","4","3","2","1","2","3","4","1","3","1","1","4","5","7","2","7","1","6","7","1","2","3","3","3","5","7","3","6","7","7","1","2","4","1","4","1","4","2","2","4","3","1","2","4","4","3","4","16","2","","2"
"10/7/2019 5:20","10/7/2019 5:20","2","","100","0","1","10/7/2019 5:20","R_25WsJ93698rt8YB","","","","","38.7174072265625","-9.1320953369140625","test","","1","2","2","2","3","3","2","3","3","1","86","5","2","2","1","4","2","4","4","3","2","1","4","1","2","4","3","2","3","2","2","6","5","5","2","1","4","7","3","7","2","5","4","4","1","4","7","3","7","7","3","4","2","3","5","3","3","3","1","3","1","4","1","4","1","4","91","3","Dignissim sodales culpa massa interdum, nec ultricies nullam iaculis lacus.","3"
"10/7/2019 5:20","10/7/2019 5:20","2","","100","0","1","10/7/2019 5:20","R_8cy8lKIh1jL0gCh","","","","","38.7174072265625","-9.1320953369140625","test","","1","5","5","5","5","1","4","4","4","2","75","2","5","3","1","3","1","3","1","3","1","1","1","1","4","4","2","3","2","1","2","2","5","7","6","5","3","1","7","3","5","6","5","5","6","7","3","3","2","7","1","5","2","1","5","2","4","2","5","5","4","1","5","2","2","2","84","1","","2"
